-- phpMyAdmin SQL Dump
-- version 4.6.5.2
-- https://www.phpmyadmin.net/
--
-- Host: 127.0.0.1
-- Generation Time: May 21, 2017 at 02:31 PM
-- Server version: 10.1.21-MariaDB
-- PHP Version: 7.1.1

SET SQL_MODE = "NO_AUTO_VALUE_ON_ZERO";
SET time_zone = "+00:00";


/*!40101 SET @OLD_CHARACTER_SET_CLIENT=@@CHARACTER_SET_CLIENT */;
/*!40101 SET @OLD_CHARACTER_SET_RESULTS=@@CHARACTER_SET_RESULTS */;
/*!40101 SET @OLD_COLLATION_CONNECTION=@@COLLATION_CONNECTION */;
/*!40101 SET NAMES utf8mb4 */;

--
-- Database: `odseas-qr`
--

-- --------------------------------------------------------

--
-- Table structure for table `course`
--

CREATE TABLE `course` (
  `course_id` varchar(10) NOT NULL,
  `course_name` varchar(100) NOT NULL,
  `course_credit_hour` int(5) DEFAULT NULL,
  `exam_date` date DEFAULT NULL,
  `start_time` time DEFAULT NULL,
  `end_time` time DEFAULT NULL,
  `status` int(1) DEFAULT '0',
  `student_number` int(5) DEFAULT NULL,
  `created_date` timestamp NULL DEFAULT CURRENT_TIMESTAMP ON UPDATE CURRENT_TIMESTAMP,
  `updated_date` timestamp NULL DEFAULT CURRENT_TIMESTAMP ON UPDATE CURRENT_TIMESTAMP
) ENGINE=InnoDB DEFAULT CHARSET=latin1;

--
-- Dumping data for table `course`
--

INSERT INTO `course` (`course_id`, `course_name`, `course_credit_hour`, `exam_date`, `start_time`, `end_time`, `status`, `student_number`, `created_date`, `updated_date`) VALUES
('TMC1214', 'DISCRETE MATHEMATICS', 3, '2017-05-21', '00:00:00', '23:00:00', 0, 25, '2017-05-21 06:12:04', '2017-05-21 06:12:04'),
('TMC3042', 'STATISTICS', 3, '2017-05-21', '00:00:00', '23:59:59', 0, 218, '2017-05-20 15:34:09', '2017-05-20 15:34:09'),
('TMN2053', 'OPERATING SYSTEMS', 3, '2017-05-21', '19:00:00', '21:00:00', 0, 30, '2017-05-21 11:57:59', '2017-05-21 11:57:59'),
('TMN4053', 'DISTRIBUTED SYSTEMS', 3, '2017-05-21', '12:00:00', '23:00:00', 0, 20, '2017-05-21 11:59:00', '2017-05-21 11:59:00');

-- --------------------------------------------------------

--
-- Table structure for table `course_handler`
--

CREATE TABLE `course_handler` (
  `course_handler_id` int(10) NOT NULL,
  `staff_id` int(10) NOT NULL,
  `course_id` varchar(10) NOT NULL,
  `invigilator_position` varchar(15) NOT NULL,
  `created_date` timestamp NOT NULL DEFAULT CURRENT_TIMESTAMP ON UPDATE CURRENT_TIMESTAMP,
  `updated_date` timestamp NOT NULL DEFAULT CURRENT_TIMESTAMP ON UPDATE CURRENT_TIMESTAMP
) ENGINE=InnoDB DEFAULT CHARSET=latin1;

--
-- Dumping data for table `course_handler`
--

INSERT INTO `course_handler` (`course_handler_id`, `staff_id`, `course_id`, `invigilator_position`, `created_date`, `updated_date`) VALUES
(1, 1, 'TMN2053', 'INVIGILATOR', '2017-02-21 07:48:28', '2017-02-21 07:48:28'),
(2, 2, 'TMN2053', 'CHIEF', '2017-05-07 05:04:25', '2017-05-07 05:04:25'),
(3, 3, 'TMC1214', 'INVIGILATOR', '2017-02-21 08:29:04', '2017-02-21 08:29:04'),
(4, 4, 'TMN2053', 'INVIGILATOR', '2017-02-21 08:29:24', '2017-02-21 08:29:24'),
(5, 2, 'TMC1214', 'CHIEF', '2017-05-07 05:08:00', '2017-05-07 05:08:00'),
(6, 2, 'TMN4053', 'INVIGILATOR', '2017-05-07 05:07:29', '2017-05-07 05:07:29'),
(7, 1, 'TMN4053', 'CHIEF', '2017-05-07 05:05:47', '2017-05-07 05:05:47'),
(8, 1, 'TMC1214', 'INVIGILATOR', '2017-02-21 07:48:28', '2017-02-21 07:48:28'),
(9, 4, 'TMC1214', 'INVIGILATOR', '2017-05-12 06:51:49', '2017-05-12 06:51:49'),
(11, 2, 'TMC3042', 'INVIGILATOR', '2017-05-14 04:39:06', '2017-05-14 04:39:06'),
(13, 3, 'TMN4053', 'INVIGILATOR', '2017-05-12 06:54:29', '2017-05-12 06:54:29'),
(14, 1, 'TMC3042', 'CHIEF', '2017-05-14 04:29:42', '2017-05-14 04:29:42');

-- --------------------------------------------------------

--
-- Table structure for table `enroll_handler`
--

CREATE TABLE `enroll_handler` (
  `enroll_handler_id` int(10) NOT NULL,
  `student_id` int(10) NOT NULL,
  `course_id` varchar(10) NOT NULL,
  `ischecked` tinyint(1) NOT NULL,
  `checkin_time` timestamp NULL DEFAULT NULL,
  `checkout_time` timestamp NULL DEFAULT NULL,
  `checkin_staffID` int(10) NOT NULL,
  `checkout_staffID` int(10) NOT NULL,
  `checkin_style_id` int(2) DEFAULT NULL,
  `checkout_style_id` int(2) DEFAULT NULL,
  `created_date` timestamp NOT NULL DEFAULT CURRENT_TIMESTAMP ON UPDATE CURRENT_TIMESTAMP,
  `updated_date` timestamp NOT NULL DEFAULT CURRENT_TIMESTAMP ON UPDATE CURRENT_TIMESTAMP
) ENGINE=InnoDB DEFAULT CHARSET=latin1;

--
-- Dumping data for table `enroll_handler`
--

INSERT INTO `enroll_handler` (`enroll_handler_id`, `student_id`, `course_id`, `ischecked`, `checkin_time`, `checkout_time`, `checkin_staffID`, `checkout_staffID`, `checkin_style_id`, `checkout_style_id`, `created_date`, `updated_date`) VALUES
(1, 44648, 'TMN2053', 0, NULL, NULL, 0, 0, NULL, NULL, '2017-05-21 11:56:50', '2017-05-21 11:56:50'),
(2, 44648, 'TMC1214', 1, '2017-05-17 08:05:37', '2017-05-17 08:07:10', 2, 2, 2, 1, '2017-05-17 08:07:10', '2017-05-17 08:07:10'),
(3, 44571, 'TMN2053', 0, NULL, NULL, 0, 0, NULL, NULL, '2017-05-21 12:07:33', '2017-05-21 12:07:33'),
(4, 44571, 'TMC1214', 1, '2017-05-21 07:09:21', '2017-05-21 07:14:46', 1, 1, 2, 1, '2017-05-21 07:20:21', '2017-05-21 07:20:21'),
(5, 41123, 'TMN2053', 0, NULL, NULL, 0, 0, NULL, NULL, '2017-05-15 08:02:58', '2017-05-15 08:02:58'),
(6, 41853, 'TMN2053', 0, NULL, NULL, 0, 0, NULL, NULL, '2017-05-15 08:02:58', '2017-05-15 08:02:58'),
(7, 40840, 'TMN2053', 0, NULL, NULL, 0, 0, NULL, NULL, '2017-05-15 08:02:58', '2017-05-15 08:02:58'),
(8, 44375, 'TMN2053', 0, NULL, NULL, 0, 0, NULL, NULL, '2017-05-15 08:02:58', '2017-05-15 08:02:58'),
(9, 42682, 'TMN2053', 0, NULL, NULL, 0, 0, NULL, NULL, '2017-05-21 12:07:33', '2017-05-21 12:07:33'),
(10, 44670, 'TMN4053', 0, NULL, NULL, 0, 0, NULL, NULL, '2017-05-15 08:02:58', '2017-05-15 08:02:58'),
(11, 44670, 'TMC1214', 0, '2017-05-21 07:13:43', NULL, 1, 0, 2, 0, '2017-05-21 07:20:21', '2017-05-21 07:20:21'),
(12, 43678, 'TMN4053', 0, NULL, NULL, 0, 0, NULL, NULL, '2017-05-15 08:02:58', '2017-05-15 08:02:58'),
(13, 44648, 'TMN4053', 0, NULL, NULL, 0, 0, NULL, NULL, '2017-05-15 08:02:58', '2017-05-15 08:02:58'),
(14, 44371, 'TMN2053', 0, NULL, NULL, 0, 0, NULL, NULL, '2017-05-21 11:56:50', '2017-05-21 11:56:50'),
(15, 43678, 'TMN2053', 0, NULL, NULL, 0, 0, NULL, NULL, '2017-05-21 12:07:33', '2017-05-21 12:07:33'),
(16, 44670, 'TMN2053', 0, NULL, NULL, 0, 0, NULL, NULL, '2017-05-21 11:56:50', '2017-05-21 11:56:50'),
(17, 43678, 'TMC1214', 0, NULL, NULL, 0, 0, NULL, NULL, '2017-05-15 08:02:58', '2017-05-15 08:02:58'),
(18, 40827, 'TMN2053', 0, NULL, NULL, 0, 0, NULL, NULL, '2017-05-21 11:56:50', '2017-05-21 11:56:50'),
(19, 45188, 'TMN2053', 0, NULL, NULL, 0, 0, NULL, NULL, '2017-05-15 08:02:58', '2017-05-15 08:02:58'),
(20, 44421, 'TMN4053', 0, NULL, NULL, 0, 0, NULL, NULL, '2017-05-15 08:02:58', '2017-05-15 08:02:58'),
(21, 40001, 'TMN2053', 0, NULL, NULL, 0, 0, NULL, NULL, '2017-05-21 12:07:33', '2017-05-21 12:07:33'),
(22, 40002, 'TMC1214', 0, NULL, NULL, 0, 0, NULL, NULL, '2017-05-15 08:02:58', '2017-05-15 08:02:58'),
(23, 40003, 'TMC1214', 0, NULL, NULL, 0, 0, NULL, NULL, '2017-05-15 08:02:58', '2017-05-15 08:02:58'),
(24, 40004, 'TMN2053', 0, NULL, NULL, 0, 0, NULL, NULL, '2017-05-15 08:02:58', '2017-05-15 08:02:58'),
(25, 40009, 'TMN4053', 0, NULL, NULL, 0, 0, NULL, NULL, '2017-05-15 08:02:58', '2017-05-15 08:02:58'),
(26, 40006, 'TMN2053', 0, NULL, NULL, 0, 0, NULL, NULL, '2017-05-15 08:02:58', '2017-05-15 08:02:58'),
(27, 40007, 'TMN4053', 0, NULL, NULL, 0, 0, NULL, NULL, '2017-05-15 08:02:58', '2017-05-15 08:02:58'),
(28, 40008, 'TMN2053', 0, NULL, NULL, 0, 0, NULL, NULL, '2017-05-21 11:56:50', '2017-05-21 11:56:50'),
(29, 40009, 'TMN2053', 0, NULL, NULL, 0, 0, NULL, NULL, '2017-05-15 08:02:58', '2017-05-15 08:02:58'),
(30, 40010, 'TMN4053', 0, NULL, NULL, 0, 0, NULL, NULL, '2017-05-15 08:02:58', '2017-05-15 08:02:58'),
(31, 44375, 'TMC1214', 0, NULL, NULL, 0, 0, NULL, NULL, '2017-05-15 08:02:58', '2017-05-15 08:02:58'),
(32, 44371, 'TMC1214', 0, NULL, NULL, 0, 0, NULL, NULL, '2017-05-15 08:02:58', '2017-05-15 08:02:58'),
(33, 40840, 'TMC1214', 0, NULL, NULL, 0, 0, NULL, NULL, '2017-05-15 08:02:58', '2017-05-15 08:02:58'),
(34, 44421, 'TMC1214', 0, NULL, NULL, 0, 0, NULL, NULL, '2017-05-15 08:02:58', '2017-05-15 08:02:58'),
(35, 42682, 'TMC1214', 0, NULL, NULL, 0, 0, NULL, NULL, '2017-05-15 08:02:58', '2017-05-15 08:02:58'),
(36, 40827, 'TMN4053', 0, NULL, NULL, 0, 0, NULL, NULL, '2017-05-15 08:02:58', '2017-05-15 08:02:58'),
(37, 41853, 'TMN4053', 0, NULL, NULL, 0, 0, NULL, NULL, '2017-05-15 08:02:58', '2017-05-15 08:02:58'),
(38, 45188, 'TMN4053', 0, NULL, NULL, 0, 0, NULL, NULL, '2017-05-15 08:02:58', '2017-05-15 08:02:58'),
(39, 44375, 'TMN4053', 0, NULL, NULL, 0, 0, NULL, NULL, '2017-05-15 08:02:58', '2017-05-15 08:02:58'),
(40, 44371, 'TMN4053', 0, NULL, NULL, 0, 0, NULL, NULL, '2017-05-15 08:02:58', '2017-05-15 08:02:58'),
(41, 40001, 'TMN4053', 0, NULL, NULL, 0, 0, NULL, NULL, '2017-05-15 08:02:58', '2017-05-15 08:02:58'),
(42, 40002, 'TMN4053', 0, NULL, NULL, 0, 0, NULL, NULL, '2017-05-15 08:02:58', '2017-05-15 08:02:58'),
(43, 40003, 'TMN4053', 0, NULL, NULL, 0, 0, NULL, NULL, '2017-05-15 08:02:58', '2017-05-15 08:02:58'),
(44, 40004, 'TMN4053', 0, NULL, NULL, 0, 0, NULL, NULL, '2017-05-15 08:02:58', '2017-05-15 08:02:58'),
(45, 40005, 'TMN4053', 0, NULL, NULL, 0, 0, NULL, NULL, '2017-05-15 08:02:58', '2017-05-15 08:02:58'),
(46, 40002, 'TMN2053', 0, NULL, NULL, 0, 0, NULL, NULL, '2017-05-15 08:02:58', '2017-05-15 08:02:58'),
(47, 40003, 'TMN2053', 0, NULL, NULL, 0, 0, NULL, NULL, '2017-05-21 11:56:50', '2017-05-21 11:56:50'),
(48, 40005, 'TMN2053', 0, NULL, NULL, 0, 0, NULL, NULL, '2017-05-21 11:56:50', '2017-05-21 11:56:50'),
(49, 40007, 'TMN2053', 0, NULL, NULL, 0, 0, NULL, NULL, '2017-05-15 08:02:58', '2017-05-15 08:02:58'),
(50, 40010, 'TMN2053', 0, NULL, NULL, 0, 0, NULL, NULL, '2017-05-21 12:07:33', '2017-05-21 12:07:33'),
(51, 40006, 'TMN4053', 0, NULL, NULL, 0, 0, NULL, NULL, '2017-05-15 08:02:58', '2017-05-15 08:02:58'),
(52, 40840, 'TMN4053', 0, NULL, NULL, 0, 0, NULL, NULL, '2017-05-15 08:02:58', '2017-05-15 08:02:58'),
(53, 41853, 'TMC1214', 0, NULL, NULL, 0, 0, NULL, NULL, '2017-05-15 08:02:58', '2017-05-15 08:02:58'),
(54, 40827, 'TMC1214', 0, NULL, NULL, 0, 0, NULL, NULL, '2017-05-15 08:02:58', '2017-05-15 08:02:58'),
(55, 45188, 'TMC1214', 0, '2017-05-21 07:13:35', NULL, 1, 0, 2, 0, '2017-05-21 07:20:21', '2017-05-21 07:20:21'),
(56, 40001, 'TMC1214', 0, NULL, NULL, 0, 0, NULL, NULL, '2017-05-15 08:02:58', '2017-05-15 08:02:58'),
(57, 40010, 'TMC1214', 0, NULL, NULL, 0, 0, NULL, NULL, '2017-05-15 08:02:58', '2017-05-15 08:02:58'),
(58, 40005, 'TMC1214', 0, NULL, NULL, 0, 0, NULL, NULL, '2017-05-15 08:02:58', '2017-05-15 08:02:58'),
(59, 40008, 'TMN4053', 0, NULL, NULL, 0, 0, NULL, NULL, '2017-05-15 08:02:58', '2017-05-15 08:02:58'),
(60, 40011, 'TMC1214', 0, NULL, NULL, 0, 0, NULL, NULL, '2017-05-15 08:02:58', '2017-05-15 08:02:58'),
(61, 40012, 'TMC1214', 0, NULL, NULL, 0, 0, NULL, NULL, '2017-05-15 08:02:58', '2017-05-15 08:02:58'),
(62, 40013, 'TMC1214', 0, NULL, NULL, 0, 0, NULL, NULL, '2017-05-15 08:02:58', '2017-05-15 08:02:58'),
(63, 40014, 'TMC1214', 1, '2017-05-21 07:14:07', '2017-05-21 07:14:36', 2, 2, 2, 2, '2017-05-21 07:14:36', '2017-05-21 07:14:36'),
(64, 40015, 'TMC1214', 0, NULL, NULL, 0, 0, NULL, NULL, '2017-05-15 08:02:58', '2017-05-15 08:02:58'),
(65, 40016, 'TMC1214', 0, NULL, NULL, 0, 0, NULL, NULL, '2017-05-15 08:02:58', '2017-05-15 08:02:58'),
(66, 40017, 'TMC1214', 0, NULL, NULL, 0, 0, NULL, NULL, '2017-05-15 08:02:58', '2017-05-15 08:02:58'),
(67, 40004, 'TMC1214', 0, NULL, NULL, 0, 0, NULL, NULL, '2017-05-15 08:02:58', '2017-05-15 08:02:58'),
(68, 40011, 'TMN2053', 0, NULL, NULL, 0, 0, NULL, NULL, '2017-05-15 08:02:58', '2017-05-15 08:02:58'),
(69, 40012, 'TMN2053', 0, NULL, NULL, 0, 0, NULL, NULL, '2017-05-21 12:07:33', '2017-05-21 12:07:33'),
(70, 40013, 'TMN2053', 0, NULL, NULL, 0, 0, NULL, NULL, '2017-05-15 08:02:58', '2017-05-15 08:02:58'),
(71, 40014, 'TMN2053', 0, NULL, NULL, 0, 0, NULL, NULL, '2017-05-15 08:02:58', '2017-05-15 08:02:58'),
(72, 40015, 'TMN2053', 0, NULL, NULL, 0, 0, NULL, NULL, '2017-05-15 08:02:58', '2017-05-15 08:02:58'),
(73, 40016, 'TMN2053', 0, NULL, NULL, 0, 0, NULL, NULL, '2017-05-15 08:02:58', '2017-05-15 08:02:58'),
(74, 40017, 'TMN2053', 0, NULL, NULL, 0, 0, NULL, NULL, '2017-05-15 08:02:58', '2017-05-15 08:02:58'),
(75, 44421, 'TMN2053', 0, NULL, NULL, 0, 0, NULL, NULL, '2017-05-15 08:02:58', '2017-05-15 08:02:58'),
(76, 40001, 'TMC3042', 0, '2017-05-21 08:53:41', NULL, 2, 0, 2, 0, '2017-05-21 09:07:52', '2017-05-21 09:07:52'),
(77, 44648, 'TMC3042', 0, NULL, NULL, 0, 0, NULL, NULL, '2017-05-21 08:38:57', '2017-05-21 08:38:57'),
(78, 40001, 'TMP2093', 0, '2017-05-17 07:00:05', NULL, 0, 0, NULL, NULL, '2017-05-17 07:07:03', '2017-05-17 07:07:03'),
(110, 40002, 'TMP2093', 0, '2017-05-17 07:00:05', NULL, 0, 0, NULL, NULL, '2017-05-17 07:07:03', '2017-05-17 07:07:03'),
(112, 40002, 'TMC3042', 0, '2017-05-21 08:53:47', NULL, 2, 0, 2, 0, '2017-05-21 09:07:52', '2017-05-21 09:07:52'),
(113, 40003, 'TMP2093', 0, '2017-05-17 07:00:05', NULL, 0, 0, NULL, NULL, '2017-05-17 07:07:03', '2017-05-17 07:07:03'),
(114, 40003, 'TMC3042', 0, '2017-05-21 08:53:52', NULL, 2, 0, 2, 0, '2017-05-21 09:07:52', '2017-05-21 09:07:52'),
(115, 40004, 'TMP2093', 0, '2017-05-17 07:00:05', NULL, 0, 0, NULL, NULL, '2017-05-17 07:07:03', '2017-05-17 07:07:03'),
(116, 40005, 'TMP2093', 0, '2017-05-17 07:00:05', NULL, 0, 0, NULL, NULL, '2017-05-17 07:07:03', '2017-05-17 07:07:03'),
(117, 40006, 'TMP2093', 0, '2017-05-17 07:00:05', NULL, 0, 0, NULL, NULL, '2017-05-17 07:07:03', '2017-05-17 07:07:03'),
(118, 40007, 'TMP2093', 0, '2017-05-17 07:00:05', NULL, 0, 0, NULL, NULL, '2017-05-17 07:07:03', '2017-05-17 07:07:03'),
(119, 40008, 'TMP2093', 0, '2017-05-17 07:00:05', NULL, 0, 0, NULL, NULL, '2017-05-17 07:07:03', '2017-05-17 07:07:03'),
(120, 40009, 'TMC3042', 0, '2017-05-21 08:54:28', NULL, 2, 0, 2, 0, '2017-05-21 09:07:52', '2017-05-21 09:07:52'),
(121, 40010, 'TMC3042', 0, '2017-05-21 08:54:33', NULL, 2, 0, 2, 0, '2017-05-21 09:07:52', '2017-05-21 09:07:52'),
(122, 40011, 'TMC3042', 0, '2017-05-21 08:54:38', NULL, 2, 0, 2, 0, '2017-05-21 09:07:53', '2017-05-21 09:07:53'),
(123, 40012, 'TMC3042', 0, '2017-05-21 08:54:43', NULL, 2, 0, 2, 0, '2017-05-21 09:07:53', '2017-05-21 09:07:53'),
(124, 40013, 'TMC3042', 0, '2017-05-21 08:54:47', NULL, 2, 0, 2, 0, '2017-05-21 09:07:53', '2017-05-21 09:07:53'),
(125, 40014, 'TMC3042', 0, '2017-05-21 08:54:52', NULL, 2, 0, 2, 0, '2017-05-21 09:07:53', '2017-05-21 09:07:53'),
(126, 40015, 'TMC3042', 0, '2017-05-21 08:54:57', NULL, 2, 0, 2, 0, '2017-05-21 09:07:53', '2017-05-21 09:07:53'),
(127, 40016, 'TMC3042', 0, '2017-05-21 08:55:02', NULL, 2, 0, 2, 0, '2017-05-21 09:07:53', '2017-05-21 09:07:53'),
(128, 40017, 'TMC3042', 0, '2017-05-21 08:55:07', NULL, 2, 0, 2, 0, '2017-05-21 09:07:53', '2017-05-21 09:07:53'),
(129, 40827, 'TMC3042', 0, NULL, NULL, 0, 0, NULL, NULL, '2017-05-21 08:38:57', '2017-05-21 08:38:57'),
(130, 40840, 'TMC3042', 0, NULL, NULL, 0, 0, NULL, NULL, '2017-05-21 08:38:57', '2017-05-21 08:38:57'),
(131, 41123, 'TMC3042', 0, NULL, NULL, 0, 0, NULL, NULL, '2017-05-21 08:38:57', '2017-05-21 08:38:57'),
(132, 41853, 'TMC3042', 0, NULL, NULL, 0, 0, NULL, NULL, '2017-05-21 08:38:57', '2017-05-21 08:38:57'),
(133, 42682, 'TMC3042', 0, NULL, NULL, 0, 0, NULL, NULL, '2017-05-20 15:53:19', '2017-05-20 15:53:19'),
(134, 43678, 'TMC3042', 0, NULL, NULL, 0, 0, NULL, NULL, '2017-05-20 15:53:19', '2017-05-20 15:53:19'),
(135, 44371, 'TMC3042', 0, NULL, NULL, 0, 0, NULL, NULL, '2017-05-21 08:38:57', '2017-05-21 08:38:57'),
(136, 44375, 'TMC3042', 0, NULL, NULL, 0, 0, NULL, NULL, '2017-05-21 08:38:57', '2017-05-21 08:38:57'),
(137, 44421, 'TMC3042', 0, NULL, NULL, 0, 0, NULL, NULL, '2017-05-20 15:53:19', '2017-05-20 15:53:19'),
(138, 44571, 'TMC3042', 0, NULL, NULL, 0, 0, NULL, NULL, '2017-05-21 08:38:57', '2017-05-21 08:38:57'),
(139, 44648, 'TMP2093', 0, '2017-05-17 07:00:05', NULL, 0, 0, NULL, NULL, '2017-05-17 07:07:03', '2017-05-17 07:07:03'),
(140, 44670, 'TMC3042', 0, NULL, NULL, 0, 0, NULL, NULL, '2017-05-21 08:38:57', '2017-05-21 08:38:57'),
(141, 45188, 'TMC3042', 0, NULL, NULL, 0, 0, NULL, NULL, '2017-05-21 08:38:57', '2017-05-21 08:38:57'),
(145, 40005, 'TMC3042', 0, '2017-05-21 08:54:02', NULL, 2, 0, 2, 0, '2017-05-21 09:07:53', '2017-05-21 09:07:53'),
(146, 40004, 'TMC3042', 0, '2017-05-21 08:53:56', NULL, 2, 0, 2, 0, '2017-05-21 09:07:53', '2017-05-21 09:07:53'),
(147, 40005, 'TMP2093', 0, '2017-05-17 07:00:05', NULL, 0, 0, NULL, NULL, '2017-05-17 07:07:03', '2017-05-17 07:07:03'),
(148, 40006, 'TMC3042', 0, '2017-05-21 08:54:11', NULL, 2, 0, 2, 0, '2017-05-21 09:07:53', '2017-05-21 09:07:53'),
(149, 40007, 'TMC3042', 0, '2017-05-21 08:54:17', NULL, 2, 0, 2, 0, '2017-05-21 09:07:53', '2017-05-21 09:07:53'),
(150, 40008, 'TMC3042', 0, '2017-05-21 08:54:22', NULL, 2, 0, 2, 0, '2017-05-21 09:07:53', '2017-05-21 09:07:53'),
(153, 40009, 'TMP2093', 0, '2017-05-17 07:00:05', NULL, 0, 0, NULL, NULL, '2017-05-17 07:07:03', '2017-05-17 07:07:03'),
(154, 40010, 'TMP2093', 0, '2017-05-17 07:00:05', NULL, 0, 0, NULL, NULL, '2017-05-17 07:07:03', '2017-05-17 07:07:03'),
(155, 40011, 'TMP2093', 0, '2017-05-17 07:00:05', NULL, 0, 0, NULL, NULL, '2017-05-17 07:07:03', '2017-05-17 07:07:03'),
(156, 40012, 'TMP2093', 0, '2017-05-17 07:00:05', NULL, 0, 0, NULL, NULL, '2017-05-17 07:07:03', '2017-05-17 07:07:03'),
(157, 40013, 'TMP2093', 0, '2017-05-17 07:00:05', NULL, 0, 0, NULL, NULL, '2017-05-17 07:07:03', '2017-05-17 07:07:03'),
(158, 40014, 'TMP2093', 0, '2017-05-17 07:00:05', NULL, 0, 0, NULL, NULL, '2017-05-17 07:07:03', '2017-05-17 07:07:03'),
(159, 40015, 'TMP2093', 0, '2017-05-17 07:00:05', NULL, 0, 0, NULL, NULL, '2017-05-17 07:07:03', '2017-05-17 07:07:03'),
(160, 40016, 'TMP2093', 0, '2017-05-17 07:00:05', NULL, 0, 0, NULL, NULL, '2017-05-17 07:07:03', '2017-05-17 07:07:03'),
(161, 40017, 'TMP2093', 0, '2017-05-17 07:00:05', NULL, 0, 0, NULL, NULL, '2017-05-17 07:07:03', '2017-05-17 07:07:03'),
(162, 40827, 'TMP2093', 0, '2017-05-17 07:00:05', NULL, 0, 0, NULL, NULL, '2017-05-17 07:07:03', '2017-05-17 07:07:03'),
(163, 40840, 'TMP2093', 0, '2017-05-17 07:00:05', NULL, 0, 0, NULL, NULL, '2017-05-17 07:07:03', '2017-05-17 07:07:03'),
(164, 41123, 'TMP2093', 0, '2017-05-17 07:00:05', NULL, 0, 0, NULL, NULL, '2017-05-17 07:07:03', '2017-05-17 07:07:03'),
(165, 41853, 'TMP2093', 0, '2017-05-17 07:00:05', NULL, 0, 0, NULL, NULL, '2017-05-17 07:07:03', '2017-05-17 07:07:03'),
(166, 42682, 'TMP2093', 0, '2017-05-17 07:00:05', NULL, 0, 0, NULL, NULL, '2017-05-17 07:07:03', '2017-05-17 07:07:03'),
(167, 43678, 'TMP2093', 0, '2017-05-17 07:00:05', NULL, 0, 0, NULL, NULL, '2017-05-17 07:07:03', '2017-05-17 07:07:03'),
(168, 44371, 'TMP2093', 0, '2017-05-17 07:00:05', NULL, 0, 0, NULL, NULL, '2017-05-17 07:07:03', '2017-05-17 07:07:03'),
(169, 44375, 'TMP2093', 0, '2017-05-17 07:00:05', NULL, 0, 0, NULL, NULL, '2017-05-17 07:07:03', '2017-05-17 07:07:03'),
(170, 44421, 'TMP2093', 0, '2017-05-17 07:00:05', NULL, 0, 0, NULL, NULL, '2017-05-17 07:07:03', '2017-05-17 07:07:03'),
(171, 44571, 'TMP2093', 0, '2017-05-17 07:00:05', NULL, 0, 0, NULL, NULL, '2017-05-17 07:07:03', '2017-05-17 07:07:03'),
(186, 44670, 'TMP2093', 0, '2017-05-17 07:00:05', NULL, 0, 0, NULL, NULL, '2017-05-17 07:07:03', '2017-05-17 07:07:03'),
(187, 40018, 'TMC3042', 0, '2017-05-21 08:55:12', NULL, 2, 0, 2, 0, '2017-05-21 09:07:53', '2017-05-21 09:07:53'),
(188, 40019, 'TMC3042', 0, '2017-05-21 08:55:17', NULL, 2, 0, 2, 0, '2017-05-21 09:07:53', '2017-05-21 09:07:53'),
(189, 40020, 'TMC3042', 0, '2017-05-21 08:55:23', NULL, 2, 0, 2, 0, '2017-05-21 09:07:53', '2017-05-21 09:07:53'),
(190, 40021, 'TMC3042', 0, '2017-05-21 08:55:29', NULL, 2, 0, 2, 0, '2017-05-21 09:07:53', '2017-05-21 09:07:53'),
(191, 40022, 'TMC3042', 0, NULL, NULL, 0, 0, NULL, NULL, '2017-05-21 08:38:57', '2017-05-21 08:38:57'),
(192, 40023, 'TMC3042', 0, '2017-05-21 08:55:34', NULL, 2, 0, 2, 0, '2017-05-21 09:07:53', '2017-05-21 09:07:53'),
(193, 40024, 'TMC3042', 0, '2017-05-21 08:55:39', NULL, 2, 0, 2, 0, '2017-05-21 09:07:53', '2017-05-21 09:07:53'),
(194, 40025, 'TMC3042', 0, '2017-05-21 08:55:42', NULL, 2, 0, 2, 0, '2017-05-21 09:07:53', '2017-05-21 09:07:53'),
(195, 40026, 'TMC3042', 0, '2017-05-21 08:55:46', NULL, 2, 0, 2, 0, '2017-05-21 09:07:54', '2017-05-21 09:07:54'),
(196, 40027, 'TMC3042', 0, '2017-05-21 08:55:50', NULL, 2, 0, 2, 0, '2017-05-21 09:07:54', '2017-05-21 09:07:54'),
(197, 40028, 'TMC3042', 0, '2017-05-21 08:55:54', NULL, 2, 0, 2, 0, '2017-05-21 09:07:54', '2017-05-21 09:07:54'),
(198, 40029, 'TMC3042', 0, '2017-05-21 08:56:00', NULL, 2, 0, 2, 0, '2017-05-21 09:07:54', '2017-05-21 09:07:54'),
(199, 40030, 'TMC3042', 0, '2017-05-21 08:56:05', NULL, 2, 0, 2, 0, '2017-05-21 09:07:54', '2017-05-21 09:07:54'),
(200, 40031, 'TMC3042', 0, '2017-05-21 08:56:10', NULL, 2, 0, 2, 0, '2017-05-21 09:07:54', '2017-05-21 09:07:54'),
(201, 40032, 'TMC3042', 0, '2017-05-21 08:56:14', NULL, 2, 0, 2, 0, '2017-05-21 09:07:54', '2017-05-21 09:07:54'),
(202, 40033, 'TMC3042', 0, '2017-05-21 08:56:19', NULL, 2, 0, 2, 0, '2017-05-21 09:07:54', '2017-05-21 09:07:54'),
(203, 40034, 'TMC3042', 0, '2017-05-21 08:56:24', NULL, 2, 0, 2, 0, '2017-05-21 09:07:54', '2017-05-21 09:07:54'),
(204, 40035, 'TMC3042', 0, NULL, NULL, 0, 0, NULL, NULL, '2017-05-21 08:42:35', '2017-05-21 08:42:35'),
(205, 40036, 'TMC3042', 0, '2017-05-21 08:56:37', NULL, 2, 0, 2, 0, '2017-05-21 09:07:54', '2017-05-21 09:07:54'),
(206, 40037, 'TMC3042', 0, '2017-05-21 08:56:41', NULL, 2, 0, 2, 0, '2017-05-21 09:07:54', '2017-05-21 09:07:54'),
(207, 40038, 'TMC3042', 0, '2017-05-21 08:56:45', NULL, 2, 0, 2, 0, '2017-05-21 09:07:54', '2017-05-21 09:07:54'),
(208, 40039, 'TMC3042', 0, '2017-05-21 08:56:49', NULL, 2, 0, 2, 0, '2017-05-21 09:07:54', '2017-05-21 09:07:54'),
(209, 40040, 'TMC3042', 0, '2017-05-21 08:56:54', NULL, 2, 0, 2, 0, '2017-05-21 09:07:54', '2017-05-21 09:07:54'),
(210, 40041, 'TMC3042', 0, '2017-05-21 08:57:07', NULL, 2, 0, 2, 0, '2017-05-21 09:07:54', '2017-05-21 09:07:54'),
(211, 40042, 'TMC3042', 0, '2017-05-21 08:57:10', NULL, 2, 0, 2, 0, '2017-05-21 09:07:54', '2017-05-21 09:07:54'),
(212, 40043, 'TMC3042', 0, '2017-05-21 08:57:15', NULL, 2, 0, 2, 0, '2017-05-21 09:07:54', '2017-05-21 09:07:54'),
(213, 40044, 'TMC3042', 0, NULL, NULL, 0, 0, NULL, NULL, '2017-05-21 08:38:57', '2017-05-21 08:38:57'),
(214, 40045, 'TMC3042', 0, '2017-05-21 08:57:28', NULL, 2, 0, 2, 0, '2017-05-21 09:07:54', '2017-05-21 09:07:54'),
(215, 40046, 'TMC3042', 0, '2017-05-21 08:57:31', NULL, 2, 0, 2, 0, '2017-05-21 09:07:54', '2017-05-21 09:07:54'),
(216, 40047, 'TMC3042', 0, '2017-05-21 08:57:35', NULL, 2, 0, 2, 0, '2017-05-21 09:07:54', '2017-05-21 09:07:54'),
(217, 40048, 'TMC3042', 0, NULL, NULL, 0, 0, NULL, NULL, '2017-05-21 08:38:57', '2017-05-21 08:38:57'),
(218, 40049, 'TMC3042', 0, NULL, NULL, 0, 0, NULL, NULL, '2017-05-21 08:38:57', '2017-05-21 08:38:57'),
(219, 40050, 'TMC3042', 0, '2017-05-21 08:57:58', NULL, 2, 0, 2, 0, '2017-05-21 09:07:54', '2017-05-21 09:07:54'),
(220, 40051, 'TMC3042', 0, '2017-05-21 08:58:06', NULL, 2, 0, 2, 0, '2017-05-21 09:07:54', '2017-05-21 09:07:54'),
(221, 40052, 'TMC3042', 0, '2017-05-21 08:58:11', NULL, 2, 0, 2, 0, '2017-05-21 09:07:54', '2017-05-21 09:07:54'),
(222, 40053, 'TMC3042', 0, NULL, NULL, 0, 0, NULL, NULL, '2017-05-21 08:38:57', '2017-05-21 08:38:57'),
(223, 40054, 'TMC3042', 0, NULL, NULL, 0, 0, NULL, NULL, '2017-05-21 08:38:57', '2017-05-21 08:38:57'),
(224, 40055, 'TMC3042', 0, '2017-05-21 08:58:36', NULL, 2, 0, 2, 0, '2017-05-21 09:07:55', '2017-05-21 09:07:55'),
(225, 40056, 'TMC3042', 0, '2017-05-21 08:58:41', NULL, 2, 0, 2, 0, '2017-05-21 09:07:55', '2017-05-21 09:07:55'),
(226, 40057, 'TMC3042', 0, '2017-05-21 08:58:45', NULL, 2, 0, 2, 0, '2017-05-21 09:07:55', '2017-05-21 09:07:55'),
(227, 40058, 'TMC3042', 0, '2017-05-21 08:58:49', NULL, 2, 0, 2, 0, '2017-05-21 09:07:55', '2017-05-21 09:07:55'),
(228, 40059, 'TMC3042', 0, '2017-05-21 08:58:54', NULL, 2, 0, 2, 0, '2017-05-21 09:07:55', '2017-05-21 09:07:55'),
(229, 40060, 'TMC3042', 0, '2017-05-21 08:58:58', NULL, 2, 0, 2, 0, '2017-05-21 09:07:55', '2017-05-21 09:07:55'),
(230, 40061, 'TMC3042', 0, '2017-05-21 08:59:02', NULL, 2, 0, 2, 0, '2017-05-21 09:07:55', '2017-05-21 09:07:55'),
(231, 40062, 'TMC3042', 0, '2017-05-21 08:59:06', NULL, 2, 0, 2, 0, '2017-05-21 09:07:55', '2017-05-21 09:07:55'),
(232, 40063, 'TMC3042', 0, '2017-05-21 08:59:12', NULL, 2, 0, 2, 0, '2017-05-21 09:07:55', '2017-05-21 09:07:55'),
(233, 40064, 'TMC3042', 0, '2017-05-21 08:59:17', NULL, 2, 0, 2, 0, '2017-05-21 09:07:55', '2017-05-21 09:07:55'),
(234, 40065, 'TMC3042', 0, '2017-05-21 08:59:22', NULL, 2, 0, 2, 0, '2017-05-21 09:07:55', '2017-05-21 09:07:55'),
(235, 40066, 'TMC3042', 0, '2017-05-21 08:59:26', NULL, 2, 0, 2, 0, '2017-05-21 09:07:55', '2017-05-21 09:07:55'),
(236, 40067, 'TMC3042', 0, '2017-05-21 08:59:33', NULL, 2, 0, 2, 0, '2017-05-21 09:07:55', '2017-05-21 09:07:55'),
(237, 40068, 'TMC3042', 0, NULL, NULL, 0, 0, NULL, NULL, '2017-05-21 08:38:57', '2017-05-21 08:38:57'),
(238, 40069, 'TMC3042', 0, '2017-05-21 08:59:55', NULL, 2, 0, 2, 0, '2017-05-21 09:07:55', '2017-05-21 09:07:55'),
(239, 40070, 'TMC3042', 0, '2017-05-21 08:59:59', NULL, 2, 0, 2, 0, '2017-05-21 09:07:55', '2017-05-21 09:07:55'),
(240, 40071, 'TMC3042', 0, '2017-05-21 09:00:03', NULL, 2, 0, 2, 0, '2017-05-21 09:07:55', '2017-05-21 09:07:55'),
(241, 40072, 'TMC3042', 0, '2017-05-21 09:00:09', NULL, 2, 0, 2, 0, '2017-05-21 09:07:55', '2017-05-21 09:07:55'),
(242, 40073, 'TMC3042', 0, '2017-05-21 09:00:14', NULL, 2, 0, 2, 0, '2017-05-21 09:07:55', '2017-05-21 09:07:55'),
(243, 40074, 'TMC3042', 0, '2017-05-21 09:00:18', NULL, 2, 0, 2, 0, '2017-05-21 09:07:55', '2017-05-21 09:07:55'),
(244, 40075, 'TMC3042', 0, '2017-05-21 09:00:23', NULL, 2, 0, 2, 0, '2017-05-21 09:07:55', '2017-05-21 09:07:55'),
(245, 40076, 'TMC3042', 0, '2017-05-21 09:00:27', NULL, 2, 0, 2, 0, '2017-05-21 09:07:55', '2017-05-21 09:07:55'),
(246, 40077, 'TMC3042', 0, NULL, NULL, 0, 0, NULL, NULL, '2017-05-21 08:38:57', '2017-05-21 08:38:57'),
(247, 40078, 'TMC3042', 0, '2017-05-21 09:00:31', NULL, 2, 0, 2, 0, '2017-05-21 09:07:55', '2017-05-21 09:07:55'),
(248, 40079, 'TMC3042', 0, '2017-05-21 09:00:37', NULL, 2, 0, 2, 0, '2017-05-21 09:07:55', '2017-05-21 09:07:55'),
(249, 40080, 'TMC3042', 0, '2017-05-21 09:00:43', NULL, 2, 0, 2, 0, '2017-05-21 09:07:55', '2017-05-21 09:07:55'),
(250, 40081, 'TMC3042', 0, '2017-05-21 09:00:48', NULL, 2, 0, 2, 0, '2017-05-21 09:07:55', '2017-05-21 09:07:55'),
(251, 40082, 'TMC3042', 0, '2017-05-21 09:00:52', NULL, 2, 0, 2, 0, '2017-05-21 09:07:55', '2017-05-21 09:07:55'),
(252, 40083, 'TMC3042', 0, '2017-05-21 09:00:58', NULL, 2, 0, 2, 0, '2017-05-21 09:07:55', '2017-05-21 09:07:55'),
(253, 40084, 'TMC3042', 0, NULL, NULL, 0, 0, NULL, NULL, '2017-05-21 08:38:57', '2017-05-21 08:38:57'),
(254, 40085, 'TMC3042', 0, NULL, NULL, 0, 0, NULL, NULL, '2017-05-21 08:38:57', '2017-05-21 08:38:57'),
(255, 40086, 'TMC3042', 0, NULL, NULL, 0, 0, NULL, NULL, '2017-05-21 08:38:57', '2017-05-21 08:38:57'),
(256, 40087, 'TMC3042', 0, NULL, NULL, 0, 0, NULL, NULL, '2017-05-21 08:42:35', '2017-05-21 08:42:35'),
(257, 40088, 'TMC3042', 0, NULL, NULL, 0, 0, NULL, NULL, '2017-05-21 08:42:35', '2017-05-21 08:42:35'),
(258, 40089, 'TMC3042', 0, '2017-05-21 09:02:19', NULL, 2, 0, 2, 0, '2017-05-21 09:07:56', '2017-05-21 09:07:56'),
(259, 40090, 'TMC3042', 0, '2017-05-21 09:02:23', NULL, 2, 0, 2, 0, '2017-05-21 09:07:56', '2017-05-21 09:07:56'),
(260, 40091, 'TMC3042', 0, NULL, NULL, 0, 0, NULL, NULL, '2017-05-21 08:38:57', '2017-05-21 08:38:57'),
(261, 40092, 'TMC3042', 0, NULL, NULL, 0, 0, NULL, NULL, '2017-05-21 08:38:57', '2017-05-21 08:38:57'),
(262, 40093, 'TMC3042', 0, NULL, NULL, 0, 0, NULL, NULL, '2017-05-21 08:38:57', '2017-05-21 08:38:57'),
(263, 40094, 'TMC3042', 0, NULL, NULL, 0, 0, NULL, NULL, '2017-05-21 08:38:57', '2017-05-21 08:38:57'),
(264, 40095, 'TMC3042', 0, NULL, NULL, 0, 0, NULL, NULL, '2017-05-21 08:38:57', '2017-05-21 08:38:57'),
(265, 40096, 'TMC3042', 0, NULL, NULL, 0, 0, NULL, NULL, '2017-05-21 08:38:57', '2017-05-21 08:38:57'),
(266, 40097, 'TMC3042', 0, NULL, NULL, 0, 0, NULL, NULL, '2017-05-21 08:38:57', '2017-05-21 08:38:57'),
(267, 40098, 'TMC3042', 0, NULL, NULL, 0, 0, NULL, NULL, '2017-05-21 08:42:35', '2017-05-21 08:42:35'),
(268, 40099, 'TMC3042', 0, NULL, NULL, 0, 0, NULL, NULL, '2017-05-21 08:38:57', '2017-05-21 08:38:57'),
(269, 40100, 'TMC3042', 0, '2017-05-21 09:02:29', NULL, 2, 0, 2, 0, '2017-05-21 09:07:56', '2017-05-21 09:07:56'),
(270, 40101, 'TMC3042', 0, '2017-05-21 09:02:37', NULL, 2, 0, 2, 0, '2017-05-21 09:07:56', '2017-05-21 09:07:56'),
(271, 40102, 'TMC3042', 0, '2017-05-21 09:02:43', NULL, 2, 0, 2, 0, '2017-05-21 09:07:56', '2017-05-21 09:07:56'),
(272, 40103, 'TMC3042', 0, '2017-05-21 09:02:53', NULL, 2, 0, 2, 0, '2017-05-21 09:07:56', '2017-05-21 09:07:56'),
(273, 40104, 'TMC3042', 0, NULL, NULL, 0, 0, NULL, NULL, '2017-05-21 08:38:57', '2017-05-21 08:38:57'),
(274, 40105, 'TMC3042', 0, '2017-05-21 09:02:58', NULL, 2, 0, 2, 0, '2017-05-21 09:07:56', '2017-05-21 09:07:56'),
(275, 40106, 'TMC3042', 0, '2017-05-21 09:03:02', NULL, 2, 0, 2, 0, '2017-05-21 09:07:56', '2017-05-21 09:07:56'),
(276, 40107, 'TMC3042', 0, NULL, NULL, 0, 0, NULL, NULL, '2017-05-21 08:38:57', '2017-05-21 08:38:57'),
(277, 40108, 'TMC3042', 0, '2017-05-21 09:03:08', NULL, 2, 0, 2, 0, '2017-05-21 09:07:56', '2017-05-21 09:07:56'),
(278, 40109, 'TMC3042', 0, '2017-05-21 09:03:13', NULL, 2, 0, 2, 0, '2017-05-21 09:07:56', '2017-05-21 09:07:56'),
(279, 40110, 'TMC3042', 0, NULL, NULL, 0, 0, NULL, NULL, '2017-05-21 08:38:57', '2017-05-21 08:38:57'),
(280, 40111, 'TMC3042', 0, NULL, NULL, 0, 0, NULL, NULL, '2017-05-21 08:38:57', '2017-05-21 08:38:57'),
(281, 40112, 'TMC3042', 0, '2017-05-21 09:03:21', NULL, 2, 0, 2, 0, '2017-05-21 09:07:56', '2017-05-21 09:07:56'),
(282, 40113, 'TMC3042', 0, '2017-05-21 09:03:26', NULL, 2, 0, 2, 0, '2017-05-21 09:07:56', '2017-05-21 09:07:56'),
(283, 40114, 'TMC3042', 0, '2017-05-21 09:04:12', NULL, 2, 0, 2, 0, '2017-05-21 09:07:56', '2017-05-21 09:07:56'),
(284, 40115, 'TMC3042', 0, '2017-05-21 09:04:21', NULL, 2, 0, 2, 0, '2017-05-21 09:07:56', '2017-05-21 09:07:56'),
(285, 40116, 'TMC3042', 0, NULL, NULL, 0, 0, NULL, NULL, '2017-05-21 08:38:57', '2017-05-21 08:38:57'),
(286, 40117, 'TMC3042', 0, NULL, NULL, 0, 0, NULL, NULL, '2017-05-21 08:38:57', '2017-05-21 08:38:57'),
(287, 40118, 'TMC3042', 0, '2017-05-21 09:04:25', NULL, 2, 0, 2, 0, '2017-05-21 09:07:56', '2017-05-21 09:07:56'),
(288, 40119, 'TMC3042', 0, '2017-05-21 09:04:30', NULL, 2, 0, 2, 0, '2017-05-21 09:07:56', '2017-05-21 09:07:56'),
(289, 40120, 'TMC3042', 0, '2017-05-21 09:04:34', NULL, 2, 0, 2, 0, '2017-05-21 09:07:56', '2017-05-21 09:07:56'),
(290, 40121, 'TMC3042', 0, NULL, NULL, 0, 0, NULL, NULL, '2017-05-21 08:38:57', '2017-05-21 08:38:57'),
(291, 40122, 'TMC3042', 0, NULL, NULL, 0, 0, NULL, NULL, '2017-05-21 08:38:57', '2017-05-21 08:38:57'),
(292, 40123, 'TMC3042', 0, '2017-05-21 09:04:42', NULL, 2, 0, 2, 0, '2017-05-21 09:07:56', '2017-05-21 09:07:56'),
(293, 40124, 'TMC3042', 0, NULL, NULL, 0, 0, NULL, NULL, '2017-05-21 08:38:57', '2017-05-21 08:38:57'),
(294, 40125, 'TMC3042', 0, '2017-05-21 09:04:48', NULL, 2, 0, 2, 0, '2017-05-21 09:07:56', '2017-05-21 09:07:56'),
(295, 40126, 'TMC3042', 0, NULL, NULL, 0, 0, NULL, NULL, '2017-05-21 08:38:57', '2017-05-21 08:38:57'),
(296, 40127, 'TMC3042', 0, '2017-05-21 09:04:56', NULL, 2, 0, 2, 0, '2017-05-21 09:07:56', '2017-05-21 09:07:56'),
(297, 40128, 'TMC3042', 0, '2017-05-21 09:04:53', NULL, 2, 0, 2, 0, '2017-05-21 09:07:57', '2017-05-21 09:07:57'),
(298, 40129, 'TMC3042', 0, '2017-05-21 09:05:01', NULL, 2, 0, 2, 0, '2017-05-21 09:07:57', '2017-05-21 09:07:57'),
(299, 40130, 'TMC3042', 0, '2017-05-21 09:05:10', NULL, 2, 0, 2, 0, '2017-05-21 09:07:57', '2017-05-21 09:07:57'),
(300, 40131, 'TMC3042', 0, NULL, NULL, 0, 0, NULL, NULL, '2017-05-20 15:53:19', '2017-05-20 15:53:19'),
(301, 40132, 'TMC3042', 0, NULL, NULL, 0, 0, NULL, NULL, '2017-05-20 15:53:19', '2017-05-20 15:53:19'),
(302, 40133, 'TMC3042', 0, NULL, NULL, 0, 0, NULL, NULL, '2017-05-20 15:53:19', '2017-05-20 15:53:19'),
(303, 40134, 'TMC3042', 0, NULL, NULL, 0, 0, NULL, NULL, '2017-05-20 15:53:19', '2017-05-20 15:53:19'),
(304, 40135, 'TMC3042', 0, NULL, NULL, 0, 0, NULL, NULL, '2017-05-20 15:53:19', '2017-05-20 15:53:19'),
(305, 40136, 'TMC3042', 0, NULL, NULL, 0, 0, NULL, NULL, '2017-05-20 15:53:19', '2017-05-20 15:53:19'),
(306, 40137, 'TMC3042', 0, NULL, NULL, 0, 0, NULL, NULL, '2017-05-20 15:53:19', '2017-05-20 15:53:19'),
(307, 40138, 'TMC3042', 0, NULL, NULL, 0, 0, NULL, NULL, '2017-05-20 15:53:19', '2017-05-20 15:53:19'),
(308, 40139, 'TMC3042', 0, NULL, NULL, 0, 0, NULL, NULL, '2017-05-20 15:53:19', '2017-05-20 15:53:19'),
(309, 40140, 'TMC3042', 0, NULL, NULL, 0, 0, NULL, NULL, '2017-05-20 15:53:19', '2017-05-20 15:53:19'),
(310, 40141, 'TMC3042', 0, NULL, NULL, 0, 0, NULL, NULL, '2017-05-20 15:53:19', '2017-05-20 15:53:19'),
(311, 40142, 'TMC3042', 0, NULL, NULL, 0, 0, NULL, NULL, '2017-05-20 15:53:19', '2017-05-20 15:53:19'),
(312, 40143, 'TMC3042', 0, NULL, NULL, 0, 0, NULL, NULL, '2017-05-20 15:53:19', '2017-05-20 15:53:19'),
(313, 40144, 'TMC3042', 0, NULL, NULL, 0, 0, NULL, NULL, '2017-05-20 15:53:19', '2017-05-20 15:53:19'),
(314, 40145, 'TMC3042', 0, NULL, NULL, 0, 0, NULL, NULL, '2017-05-20 15:53:19', '2017-05-20 15:53:19'),
(315, 40146, 'TMC3042', 0, '2017-05-21 09:05:20', NULL, 2, 0, 2, 0, '2017-05-21 09:07:57', '2017-05-21 09:07:57'),
(316, 40147, 'TMC3042', 0, NULL, NULL, 0, 0, NULL, NULL, '2017-05-20 15:53:19', '2017-05-20 15:53:19'),
(317, 40148, 'TMC3042', 0, NULL, NULL, 0, 0, NULL, NULL, '2017-05-20 15:53:19', '2017-05-20 15:53:19'),
(318, 40149, 'TMC3042', 0, NULL, NULL, 0, 0, NULL, NULL, '2017-05-20 15:53:19', '2017-05-20 15:53:19'),
(319, 40150, 'TMC3042', 0, NULL, NULL, 0, 0, NULL, NULL, '2017-05-20 15:53:19', '2017-05-20 15:53:19'),
(320, 40151, 'TMC3042', 0, NULL, NULL, 0, 0, NULL, NULL, '2017-05-20 15:53:19', '2017-05-20 15:53:19'),
(321, 40152, 'TMC3042', 0, NULL, NULL, 0, 0, NULL, NULL, '2017-05-20 15:53:19', '2017-05-20 15:53:19'),
(322, 40153, 'TMC3042', 0, NULL, NULL, 0, 0, NULL, NULL, '2017-05-20 15:53:19', '2017-05-20 15:53:19'),
(323, 40154, 'TMC3042', 0, NULL, NULL, 0, 0, NULL, NULL, '2017-05-20 15:53:19', '2017-05-20 15:53:19'),
(324, 40155, 'TMC3042', 0, NULL, NULL, 0, 0, NULL, NULL, '2017-05-20 15:53:19', '2017-05-20 15:53:19'),
(325, 40156, 'TMC3042', 0, NULL, NULL, 0, 0, NULL, NULL, '2017-05-20 15:53:19', '2017-05-20 15:53:19'),
(326, 40157, 'TMC3042', 0, NULL, NULL, 0, 0, NULL, NULL, '2017-05-20 15:53:19', '2017-05-20 15:53:19'),
(327, 40158, 'TMC3042', 0, NULL, NULL, 0, 0, NULL, NULL, '2017-05-20 15:53:19', '2017-05-20 15:53:19'),
(328, 40159, 'TMC3042', 0, NULL, NULL, 0, 0, NULL, NULL, '2017-05-20 15:53:19', '2017-05-20 15:53:19'),
(329, 40160, 'TMC3042', 0, NULL, NULL, 0, 0, NULL, NULL, '2017-05-20 15:53:19', '2017-05-20 15:53:19'),
(330, 40161, 'TMC3042', 0, NULL, NULL, 0, 0, NULL, NULL, '2017-05-20 15:53:19', '2017-05-20 15:53:19'),
(331, 40162, 'TMC3042', 0, NULL, NULL, 0, 0, NULL, NULL, '2017-05-20 15:53:19', '2017-05-20 15:53:19'),
(332, 40163, 'TMC3042', 0, NULL, NULL, 0, 0, NULL, NULL, '2017-05-20 15:53:19', '2017-05-20 15:53:19'),
(333, 40164, 'TMC3042', 0, NULL, NULL, 0, 0, NULL, NULL, '2017-05-20 15:53:19', '2017-05-20 15:53:19'),
(334, 40165, 'TMC3042', 0, NULL, NULL, 0, 0, NULL, NULL, '2017-05-20 15:53:19', '2017-05-20 15:53:19'),
(335, 40166, 'TMC3042', 0, NULL, NULL, 0, 0, NULL, NULL, '2017-05-20 15:53:19', '2017-05-20 15:53:19'),
(336, 40167, 'TMC3042', 0, NULL, NULL, 0, 0, NULL, NULL, '2017-05-20 15:53:19', '2017-05-20 15:53:19'),
(337, 40168, 'TMC3042', 0, NULL, NULL, 0, 0, NULL, NULL, '2017-05-20 15:53:19', '2017-05-20 15:53:19'),
(338, 40169, 'TMC3042', 0, NULL, NULL, 0, 0, NULL, NULL, '2017-05-20 15:53:19', '2017-05-20 15:53:19'),
(339, 40170, 'TMC3042', 0, NULL, NULL, 0, 0, NULL, NULL, '2017-05-20 15:53:19', '2017-05-20 15:53:19'),
(340, 40171, 'TMC3042', 0, NULL, NULL, 0, 0, NULL, NULL, '2017-05-20 15:53:19', '2017-05-20 15:53:19'),
(341, 40172, 'TMC3042', 0, NULL, NULL, 0, 0, NULL, NULL, '2017-05-20 15:53:19', '2017-05-20 15:53:19'),
(342, 40173, 'TMC3042', 0, NULL, NULL, 0, 0, NULL, NULL, '2017-05-20 15:53:19', '2017-05-20 15:53:19'),
(343, 40174, 'TMC3042', 0, NULL, NULL, 0, 0, NULL, NULL, '2017-05-20 15:53:19', '2017-05-20 15:53:19'),
(344, 40175, 'TMC3042', 0, NULL, NULL, 0, 0, NULL, NULL, '2017-05-20 15:53:19', '2017-05-20 15:53:19'),
(345, 40176, 'TMC3042', 0, NULL, NULL, 0, 0, NULL, NULL, '2017-05-20 15:53:19', '2017-05-20 15:53:19'),
(346, 40177, 'TMC3042', 0, NULL, NULL, 0, 0, NULL, NULL, '2017-05-20 15:53:19', '2017-05-20 15:53:19'),
(347, 40178, 'TMC3042', 0, NULL, NULL, 0, 0, NULL, NULL, '2017-05-20 15:53:19', '2017-05-20 15:53:19'),
(348, 40179, 'TMC3042', 0, NULL, NULL, 0, 0, NULL, NULL, '2017-05-20 15:53:19', '2017-05-20 15:53:19'),
(349, 40180, 'TMC3042', 0, NULL, NULL, 0, 0, NULL, NULL, '2017-05-20 15:53:19', '2017-05-20 15:53:19'),
(350, 40181, 'TMC3042', 0, NULL, NULL, 0, 0, NULL, NULL, '2017-05-20 15:53:19', '2017-05-20 15:53:19'),
(351, 40182, 'TMC3042', 0, NULL, NULL, 0, 0, NULL, NULL, '2017-05-20 15:53:19', '2017-05-20 15:53:19'),
(352, 40183, 'TMC3042', 0, NULL, NULL, 0, 0, NULL, NULL, '2017-05-20 15:53:19', '2017-05-20 15:53:19'),
(353, 40184, 'TMC3042', 0, NULL, NULL, 0, 0, NULL, NULL, '2017-05-20 15:53:19', '2017-05-20 15:53:19'),
(354, 40185, 'TMC3042', 0, NULL, NULL, 0, 0, NULL, NULL, '2017-05-20 15:53:19', '2017-05-20 15:53:19'),
(355, 40186, 'TMC3042', 0, NULL, NULL, 0, 0, NULL, NULL, '2017-05-20 15:53:19', '2017-05-20 15:53:19'),
(356, 40187, 'TMC3042', 0, NULL, NULL, 0, 0, NULL, NULL, '2017-05-20 15:53:19', '2017-05-20 15:53:19'),
(357, 40188, 'TMC3042', 0, NULL, NULL, 0, 0, NULL, NULL, '2017-05-20 15:53:19', '2017-05-20 15:53:19'),
(358, 40189, 'TMC3042', 0, NULL, NULL, 0, 0, NULL, NULL, '2017-05-20 15:53:19', '2017-05-20 15:53:19'),
(359, 40190, 'TMC3042', 0, NULL, NULL, 0, 0, NULL, NULL, '2017-05-20 15:53:19', '2017-05-20 15:53:19'),
(360, 40191, 'TMC3042', 0, NULL, NULL, 0, 0, NULL, NULL, '2017-05-20 15:53:19', '2017-05-20 15:53:19'),
(361, 40192, 'TMC3042', 0, NULL, NULL, 0, 0, NULL, NULL, '2017-05-20 15:53:19', '2017-05-20 15:53:19'),
(362, 40193, 'TMC3042', 0, NULL, NULL, 0, 0, NULL, NULL, '2017-05-20 15:53:19', '2017-05-20 15:53:19'),
(363, 40194, 'TMC3042', 0, '2017-05-21 09:06:03', NULL, 2, 0, 2, 0, '2017-05-21 09:07:57', '2017-05-21 09:07:57'),
(364, 40195, 'TMC3042', 0, '2017-05-21 09:05:53', NULL, 2, 0, 2, 0, '2017-05-21 09:07:57', '2017-05-21 09:07:57'),
(365, 40196, 'TMC3042', 0, '2017-05-21 09:05:58', NULL, 2, 0, 2, 0, '2017-05-21 09:07:57', '2017-05-21 09:07:57'),
(366, 40197, 'TMC3042', 0, NULL, NULL, 0, 0, NULL, NULL, '2017-05-21 08:38:57', '2017-05-21 08:38:57'),
(367, 40198, 'TMC3042', 0, '2017-05-21 09:05:48', NULL, 2, 0, 2, 0, '2017-05-21 09:07:57', '2017-05-21 09:07:57'),
(368, 40199, 'TMC3042', 0, NULL, NULL, 0, 0, NULL, NULL, '2017-05-21 08:38:57', '2017-05-21 08:38:57'),
(369, 40200, 'TMC3042', 0, NULL, NULL, 0, 0, NULL, NULL, '2017-05-21 08:38:57', '2017-05-21 08:38:57'),
(370, 40201, 'TMC3042', 0, NULL, NULL, 0, 0, NULL, NULL, '2017-05-21 08:38:57', '2017-05-21 08:38:57'),
(371, 40202, 'TMC3042', 0, NULL, NULL, 0, 0, NULL, NULL, '2017-05-21 08:38:57', '2017-05-21 08:38:57'),
(372, 40203, 'TMC3042', 0, NULL, NULL, 0, 0, NULL, NULL, '2017-05-21 08:38:57', '2017-05-21 08:38:57'),
(373, 40204, 'TMC3042', 0, NULL, NULL, 0, 0, NULL, NULL, '2017-05-21 08:38:57', '2017-05-21 08:38:57'),
(374, 40205, 'TMC3042', 0, NULL, NULL, 0, 0, NULL, NULL, '2017-05-21 08:38:57', '2017-05-21 08:38:57');

-- --------------------------------------------------------

--
-- Table structure for table `qr_code`
--

CREATE TABLE `qr_code` (
  `qr_code_id` int(10) NOT NULL,
  `student_id` int(10) NOT NULL,
  `qr_image` blob NOT NULL,
  `isscanned` tinyint(1) NOT NULL,
  `created_date` timestamp NOT NULL DEFAULT CURRENT_TIMESTAMP ON UPDATE CURRENT_TIMESTAMP,
  `updated_date` timestamp NOT NULL DEFAULT CURRENT_TIMESTAMP ON UPDATE CURRENT_TIMESTAMP
) ENGINE=InnoDB DEFAULT CHARSET=latin1;

-- --------------------------------------------------------

--
-- Table structure for table `staff`
--

CREATE TABLE `staff` (
  `staff_id` int(10) NOT NULL,
  `staff_name` varchar(100) NOT NULL,
  `staff_password` varchar(30) NOT NULL,
  `staff_phoneno` int(15) DEFAULT NULL,
  `staff_email` varchar(100) DEFAULT NULL,
  `role` varchar(15) DEFAULT NULL,
  `created_date` timestamp NOT NULL DEFAULT CURRENT_TIMESTAMP ON UPDATE CURRENT_TIMESTAMP,
  `updated_date` timestamp NOT NULL DEFAULT CURRENT_TIMESTAMP ON UPDATE CURRENT_TIMESTAMP
) ENGINE=InnoDB DEFAULT CHARSET=latin1;

--
-- Dumping data for table `staff`
--

INSERT INTO `staff` (`staff_id`, `staff_name`, `staff_password`, `staff_phoneno`, `staff_email`, `role`, `created_date`, `updated_date`) VALUES
(0, 'sc', '930910', NULL, NULL, NULL, '2017-05-12 06:06:17', '2017-05-12 06:06:17'),
(1, 'Ms Siti', '12345', 198784212, 'staffadmin@yahoo.com', 'STAFF', '2017-05-15 07:06:35', '2017-05-15 07:06:35'),
(2, 'Dr Teoh', 'abc123', 174568952, 'staff2@gmail.com', 'LECTURER', '2017-04-22 14:12:28', '2017-04-22 14:12:28'),
(3, 'Dr Lim', '1122', 132485499, 'staff3@hotmail.com', 'LECTURER', '2017-05-15 07:19:09', '2017-05-15 07:19:09'),
(4, 'Mr Azli', '3344', 123878787, 'staff4@yahoo.com', 'STAFF', '2017-05-15 07:19:18', '2017-05-15 07:19:18'),
(12345, 'admin@admin.com', 'password', NULL, NULL, NULL, '2017-05-09 16:04:18', '2017-05-09 16:04:18');

-- --------------------------------------------------------

--
-- Table structure for table `student`
--

CREATE TABLE `student` (
  `student_id` int(10) NOT NULL,
  `qr_code_id` int(10) NOT NULL,
  `student_name` varchar(100) NOT NULL,
  `student_faculty` varchar(100) NOT NULL,
  `student_major` varchar(100) NOT NULL,
  `created_date` timestamp NOT NULL DEFAULT CURRENT_TIMESTAMP ON UPDATE CURRENT_TIMESTAMP,
  `updated_date` timestamp NOT NULL DEFAULT CURRENT_TIMESTAMP ON UPDATE CURRENT_TIMESTAMP
) ENGINE=InnoDB DEFAULT CHARSET=latin1;

--
-- Dumping data for table `student`
--

INSERT INTO `student` (`student_id`, `qr_code_id`, `student_name`, `student_faculty`, `student_major`, `created_date`, `updated_date`) VALUES
(40001, 0, 'SITI AISHAH BINTI AKMAL', 'FCSIT', 'NETWORK COMPUTING', '2017-05-05 05:46:02', '2017-05-05 05:46:02'),
(40002, 0, 'MELLISA ANAK JOSEPH', 'FCSIT', 'MULTIMEDIA COMPUTING', '2017-05-05 05:46:02', '2017-05-05 05:46:02'),
(40003, 0, 'ABDUL KAMAL BIN SULAIMAN', 'FCSIT', 'INFORMATION SYSTEMS', '2017-05-05 05:46:02', '2017-05-05 05:46:02'),
(40004, 0, 'MUTHU A/L RASMEY', 'FCSIT', 'SOFTWARE ENGINEERING', '2017-05-05 05:46:29', '2017-05-05 05:46:29'),
(40005, 0, 'GAYATHRI A/P SIVA', 'FCSIT', 'COMPUTATIONAL SCIENCE', '2017-05-05 05:46:02', '2017-05-05 05:46:02'),
(40006, 0, 'GAN HING MENG', 'FCSIT', 'MULTIMEDIA COMPUTING', '2017-05-05 05:46:02', '2017-05-05 05:46:02'),
(40007, 0, 'CECILLA LEONG MIN QI', 'FCSIT ', 'INFORMATION SYSTEMS', '2017-05-05 05:46:02', '2017-05-05 05:46:02'),
(40008, 0, 'MUHAMMAD SOBRI BIN KHAIRUL NIZAM', 'FCSIT ', 'MULTIMEDIA COMPUTING', '2017-05-05 05:46:02', '2017-05-05 05:46:02'),
(40009, 0, 'NOOR SAFIYA BINTI AHMAD RAMLI', 'FCSIT', 'NETWORK COMPUTING', '2017-05-05 05:46:02', '2017-05-05 05:46:02'),
(40010, 0, 'ZULIANAH LISA BINTI JAMBLI HUSSIEN ', 'FCSIT ', 'SOFTWARE ENGINEERING ', '2017-05-05 05:46:02', '2017-05-05 05:46:02'),
(40011, 0, 'JANE ANAK VINCENT', 'FCSIT', 'COMPUTATIONAL SCIENCE', '2017-05-12 06:45:21', '2017-05-12 06:45:21'),
(40012, 0, 'ASHLEY HSU', 'FCSIT', 'MULTIMEDIA COMPUTING', '2017-05-12 06:45:21', '2017-05-12 06:45:21'),
(40013, 0, 'FATIHAH BINTI AHMAD SOBRI', 'FCSIT', 'INFORMATION SYSTEMS', '2017-05-12 06:45:21', '2017-05-12 06:45:21'),
(40014, 0, 'THUM BEE CHING', 'FCSIT', 'NETWORK COMPUTING', '2017-05-12 06:45:21', '2017-05-12 06:45:21'),
(40015, 0, 'LIEW SYIN HWEI', 'FCSIT', 'SOFTWARE ENGINEERING', '2017-05-12 06:45:21', '2017-05-12 06:45:21'),
(40016, 0, 'HASIM BIN KAMAL', 'FCSIT', 'MULTIMEDIA COMPUTING', '2017-05-12 07:02:25', '2017-05-12 07:02:25'),
(40017, 0, 'LIANA BINTI YUSRI OSMAN', 'FCSIT', 'COMPUTATIONAL SCIENCE', '2017-05-12 07:05:46', '2017-05-12 07:05:46'),
(40018, 0, 'RAHMAN YUSOF BIN KAHDIR', 'FCSIT', 'INFORMATION SYSTEMS', '2017-05-17 14:55:39', '2017-05-17 14:55:39'),
(40019, 0, 'NUR YUSNA BINTI KADIR AHMAD', 'FCSIT', 'INFORMATION SYSTEMS', '2017-05-17 14:55:39', '2017-05-17 14:55:39'),
(40020, 0, 'SUHAILA YUNI BINTI SUKRI KADIR', 'FCSIT', 'INFORMATION SYSTEMS', '2017-05-17 14:55:39', '2017-05-17 14:55:39'),
(40021, 0, 'NOOR AISYAH BINTI ZULKIFEE HUSEEN', 'FCSIT', 'INFORMATION SYSTEMS', '2017-05-17 14:55:39', '2017-05-17 14:55:39'),
(40022, 0, 'GLORIA ANAK JOHN', 'FCSIT', 'INFORMATION SYSTEMS', '2017-05-17 14:55:39', '2017-05-17 14:55:39'),
(40023, 0, 'DEVI PARAMESKI A/P KRISHAN', 'FCSIT', 'INFORMATION SYSTEMS', '2017-05-17 14:55:39', '2017-05-17 14:55:39'),
(40024, 0, 'KHOO HEW TING', 'FCSIT', 'INFORMATION SYSTEMS', '2017-05-17 14:55:39', '2017-05-17 14:55:39'),
(40025, 0, 'LEE YUN PEI', 'FCSIT', 'INFORMATION SYSTEMS', '2017-05-17 14:55:39', '2017-05-17 14:55:39'),
(40026, 0, 'KAW FONG LENG', 'FCSIT', 'COMPUTATIONAL SCIENCE', '2017-05-17 14:56:06', '2017-05-17 14:56:06'),
(40027, 0, 'WEE KIAN HIAM', 'FCSIT', 'COMPUTATIONAL SCIENCE', '2017-05-17 14:56:06', '2017-05-17 14:56:06'),
(40028, 0, 'LOH WEN SHIN', 'FCSIT', 'COMPUTATIONAL SCIENCE', '2017-05-17 14:56:06', '2017-05-17 14:56:06'),
(40029, 0, 'ONG CHUI HOON', 'FCSIT', 'COMPUTATIONAL SCIENCE', '2017-05-17 14:56:06', '2017-05-17 14:56:06'),
(40030, 0, 'PHANG GUAN CHUAN', 'FCSIT', 'COMPUTATIONAL SCIENCE', '2017-05-17 14:56:06', '2017-05-17 14:56:06'),
(40031, 0, 'NIAN RUEY QIN', 'FCSIT', 'COMPUTATIONAL SCIENCE', '2017-05-17 14:56:06', '2017-05-17 14:56:06'),
(40032, 0, 'VIVIAN CHIAM', 'FCSIT', 'COMPUTATIONAL SCIENCE', '2017-05-17 14:56:06', '2017-05-17 14:56:06'),
(40033, 0, 'KAREN TOW', 'FCSIT', 'COMPUTATIONAL SCIENCE', '2017-05-17 14:56:06', '2017-05-17 14:56:06'),
(40034, 0, 'YVONNE TEH GEE WEN', 'FCSIT', 'COMPUTATIONAL SCIENCE', '2017-05-17 14:56:06', '2017-05-17 14:56:06'),
(40035, 0, 'ELAINE LIEW LING', 'FCSIT', 'COMPUTATIONAL SCIENCE', '2017-05-17 14:56:06', '2017-05-17 14:56:06'),
(40036, 0, 'DAISY CHUA SHING YI', 'FCSIT', 'NETWORK COMPUTING', '2017-05-17 14:56:23', '2017-05-17 14:56:23'),
(40037, 0, 'CHEW MING KEE', 'FCSIT', 'NETWORK COMPUTING', '2017-05-17 14:56:23', '2017-05-17 14:56:23'),
(40038, 0, 'KHO DING FUNG', 'FCSIT', 'NETWORK COMPUTING', '2017-05-17 14:56:23', '2017-05-17 14:56:23'),
(40039, 0, 'MOHD HASHIM AKMAL BINTI TIOMAN KHAIRUL', 'FCSIT', 'NETWORK COMPUTING', '2017-05-17 14:56:23', '2017-05-17 14:56:23'),
(40040, 0, 'SITI HUSNA BINTI OSMAN ZAHIR', 'FCSIT', 'NETWORK COMPUTING', '2017-05-17 14:56:23', '2017-05-17 14:56:23'),
(40041, 0, 'MANDY LIAW', 'FCSIT', 'NETWORK COMPUTING', '2017-05-17 14:56:23', '2017-05-17 14:56:23'),
(40042, 0, 'IVY SAW', 'FCSIT', 'NETWORK COMPUTING', '2017-05-17 14:56:23', '2017-05-17 14:56:23'),
(40043, 0, 'EMELIA ONG', 'FCSIT', 'NETWORK COMPUTING', '2017-05-17 14:56:23', '2017-05-17 14:56:23'),
(40044, 0, 'DIORLYNN ANG QUEK LING', 'FCSIT', 'NETWORK COMPUTING', '2017-05-17 14:56:23', '2017-05-17 14:56:23'),
(40045, 0, 'WOON RAY SHER', 'FCSIT', 'NETWORK COMPUTING', '2017-05-17 14:56:23', '2017-05-17 14:56:23'),
(40046, 0, 'YASMIN BIN NASIR', 'FCSIT', 'NETWORK COMPUTING', '2017-05-17 14:56:23', '2017-05-17 14:56:23'),
(40047, 0, 'RACHEL ANAK SIMON', 'FCSIT', 'NETWORK COMPUTING', '2017-05-17 14:56:23', '2017-05-17 14:56:23'),
(40048, 0, 'CRYSTAL ANAK VINCENT', 'FCSIT', 'NETWORK COMPUTING', '2017-05-17 14:56:23', '2017-05-17 14:56:23'),
(40049, 0, 'STEVEN KONG WEI LOON', 'FCSIT', 'NETWORK COMPUTING', '2017-05-17 14:56:23', '2017-05-17 14:56:23'),
(40050, 0, 'HELEN CHUA TIEN PING', 'FCSIT', 'MULTIMEDIA COMPUTING', '2017-05-17 14:56:44', '2017-05-17 14:56:44'),
(40051, 0, 'YUMA TAN', 'FCSIT', 'MULTIMEDIA COMPUTING', '2017-05-17 14:56:44', '2017-05-17 14:56:44'),
(40052, 0, 'SUSAN BOON PUI EE', 'FCSIT', 'MULTIMEDIA COMPUTING', '2017-05-17 14:56:44', '2017-05-17 14:56:44'),
(40053, 0, 'QUINNE DING', 'FCSIT', 'MULTIMEDIA COMPUTING', '2017-05-17 14:56:44', '2017-05-17 14:56:44'),
(40054, 0, 'LAW YONG HUAT', 'FCSIT', 'MULTIMEDIA COMPUTING', '2017-05-17 14:56:44', '2017-05-17 14:56:44'),
(40055, 0, 'JOANNA A/P LEON', 'FCSIT', 'MULTIMEDIA COMPUTING', '2017-05-17 14:56:44', '2017-05-17 14:56:44'),
(40056, 0, 'KHOR KAY LI', 'FCSIT', 'MULTIMEDIA COMPUTING', '2017-05-17 14:56:44', '2017-05-17 14:56:44'),
(40057, 0, 'MOHD RUSKI BIN MOHD TAHIR', 'FCSIT', 'MULTIMEDIA COMPUTING', '2017-05-17 14:56:44', '2017-05-17 14:56:44'),
(40058, 0, 'JEANIE LIM', 'FCSIT', 'MULTIMEDIA COMPUTING', '2017-05-17 14:56:44', '2017-05-17 14:56:44'),
(40059, 0, 'LEANNE BEH HUEY CHING', 'FCSIT', 'MULTIMEDIA COMPUTING', '2017-05-17 14:56:44', '2017-05-17 14:56:44'),
(40060, 0, 'LYNN YEOH', 'FCSIT', 'MULTIMEDIA COMPUTING', '2017-05-17 14:56:44', '2017-05-17 14:56:44'),
(40061, 0, 'WONG XIN YU', 'FCSIT', 'MULTIMEDIA COMPUTING', '2017-05-17 14:56:44', '2017-05-17 14:56:44'),
(40062, 0, 'PHANG WEI YEE', 'FCSIT', 'MULTIMEDIA COMPUTING', '2017-05-17 14:56:44', '2017-05-17 14:56:44'),
(40063, 0, 'MOK HONG MENG', 'FCSIT', 'MULTIMEDIA COMPUTING', '2017-05-17 14:56:44', '2017-05-17 14:56:44'),
(40064, 0, 'LIEW TING SHIN', 'FCSIT', 'MULTIMEDIA COMPUTING', '2017-05-17 14:56:44', '2017-05-17 14:56:44'),
(40065, 0, 'YEAP NEE CHEN', 'FCSIT', 'MULTIMEDIA COMPUTING', '2017-05-17 14:56:44', '2017-05-17 14:56:44'),
(40066, 0, 'NUR ZULIANNA BINTI AHAMD JASMIN', 'FCSIT', 'MULTIMEDIA COMPUTING', '2017-05-17 14:56:44', '2017-05-17 14:56:44'),
(40067, 0, 'NOOR SITI AISHAH BINTI MUHAMMAD NUSRI', 'FCSIT', 'MULTIMEDIA COMPUTING', '2017-05-17 14:56:44', '2017-05-17 14:56:44'),
(40068, 0, 'HENG YEW KIN', 'FCSIT', 'MULTIMEDIA COMPUTING', '2017-05-17 14:56:44', '2017-05-17 14:56:44'),
(40069, 0, 'TOH HUAN FEN', 'FCSIT', 'SOFTWARE ENGINEERING', '2017-05-17 14:57:21', '2017-05-17 14:57:21'),
(40070, 0, 'JOSEPH TEE', 'FCSIT', 'SOFTWARE ENGINEERING', '2017-05-17 14:57:21', '2017-05-17 14:57:21'),
(40071, 0, 'DIANA AYLIA BINTI MOHB IMRAM', 'FCSIT', 'SOFTWARE ENGINEERING', '2017-05-17 14:57:21', '2017-05-17 14:57:21'),
(40072, 0, 'TAN CHUN SHEN', 'FCSIT', 'SOFTWARE ENGINEERING', '2017-05-17 14:57:21', '2017-05-17 14:57:21'),
(40073, 0, 'FONG LI ZHAO', 'FCSIT', 'SOFTWARE ENGINEERING', '2017-05-17 14:57:21', '2017-05-17 14:57:21'),
(40074, 0, 'KONG SHAN QI', 'FCSIT', 'SOFTWARE ENGINEERING', '2017-05-17 14:57:21', '2017-05-17 14:57:21'),
(40075, 0, 'NURUL SUHAIDA BINTI AHMAD BAKIS', 'FCSIT', 'SOFTWARE ENGINEERING', '2017-05-17 14:57:21', '2017-05-17 14:57:21'),
(40076, 0, 'KRISHAN A/L SIVAGAMES', 'FCSIT', 'SOFTWARE ENGINEERING', '2017-05-17 14:57:21', '2017-05-17 14:57:21'),
(40077, 0, 'YEW GEE WEI', 'FCSIT', 'SOFTWARE ENGINEERING', '2017-05-17 14:57:21', '2017-05-17 14:57:21'),
(40078, 0, 'NUR ANASIYA BINTI MOHD RAMLI', 'FCSIT', 'SOFTWARE ENGINEERING', '2017-05-17 14:57:21', '2017-05-17 14:57:21'),
(40079, 0, 'NURUL AMINA BINTI FAUZI', 'FCSIT', 'SOFTWARE ENGINEERING', '2017-05-17 14:57:21', '2017-05-17 14:57:21'),
(40080, 0, 'NOOR AMIRA BINTI AHAMAD YUSOF', 'FCSIT', 'SOFTWARE ENGINEERING', '2017-05-17 14:57:21', '2017-05-17 14:57:21'),
(40081, 0, 'JOSEPHINE ANAK CHRISTOPHER', 'FCSIT', 'SOFTWARE ENGINEERING', '2017-05-17 14:57:21', '2017-05-17 14:57:21'),
(40082, 0, 'SITI FAHANA BINTI JAMIL', 'FCSIT', 'SOFTWARE ENGINEERING', '2017-05-17 14:57:21', '2017-05-17 14:57:21'),
(40083, 0, 'FARAH BINTI OMAR', 'FCSIT', 'SOFTWARE ENGINEERING', '2017-05-17 14:57:21', '2017-05-17 14:57:21'),
(40084, 0, 'KAIRUL AMIRUL BIN FAHMI', 'FCSIT', 'SOFTWARE ENGINEERING', '2017-05-17 14:57:21', '2017-05-17 14:57:21'),
(40085, 0, 'AHMAD FAUZI BIN RAMZI', 'FCSIT', 'SOFTWARE ENGINEERING', '2017-05-17 14:57:21', '2017-05-17 14:57:21'),
(40086, 0, 'ALI HAKIM BIN SULAIMAN', 'FCSIT', 'SOFTWARE ENGINEERING', '2017-05-17 14:57:21', '2017-05-17 14:57:21'),
(40087, 0, 'MOHD SUHAIMI BIN YUSRI', 'FCSIT', 'SOFTWARE ENGINEERING', '2017-05-17 14:57:21', '2017-05-17 14:57:21'),
(40088, 0, 'RAHMAN YUSOF BIN KAHDIR', '', '', '2017-05-20 10:12:52', '2017-05-20 10:12:52'),
(40089, 0, 'NUR YUSNA BINTI KADIR AHMAD', '', '', '2017-05-20 10:12:52', '2017-05-20 10:12:52'),
(40090, 0, 'SUHAILA YUNI BINTI SUKRI KADIR', '', '', '2017-05-20 10:12:52', '2017-05-20 10:12:52'),
(40091, 0, 'NOOR AISYAH BINTI ZULKIFEE HUSEEN', '', '', '2017-05-20 10:12:52', '2017-05-20 10:12:52'),
(40092, 0, 'GLORIA ANAK JOHN', '', '', '2017-05-20 10:12:52', '2017-05-20 10:12:52'),
(40093, 0, 'DEVI PARAMESKI A/P KRISHAN', '', '', '2017-05-20 10:12:52', '2017-05-20 10:12:52'),
(40094, 0, 'KHOO HEW TING', '', '', '2017-05-20 10:12:52', '2017-05-20 10:12:52'),
(40095, 0, 'LEE YUN PEI', '', '', '2017-05-20 10:12:52', '2017-05-20 10:12:52'),
(40096, 0, 'KAW FONG LENG', '', '', '2017-05-20 10:12:52', '2017-05-20 10:12:52'),
(40097, 0, 'WEE KIAN HIAM', '', '', '2017-05-20 10:12:52', '2017-05-20 10:12:52'),
(40098, 0, 'LOH WEN SHIN', '', '', '2017-05-20 10:12:52', '2017-05-20 10:12:52'),
(40099, 0, 'ONG CHUI HOON', '', '', '2017-05-20 10:12:52', '2017-05-20 10:12:52'),
(40100, 0, 'PHANG GUAN CHUAN', '', '', '2017-05-20 10:12:52', '2017-05-20 10:12:52'),
(40101, 0, 'NIAN RUEY QIN', '', '', '2017-05-20 10:12:52', '2017-05-20 10:12:52'),
(40102, 0, 'VIVIAN CHIAM', '', '', '2017-05-20 10:12:52', '2017-05-20 10:12:52'),
(40103, 0, 'KAREN TOW', '', '', '2017-05-20 10:12:52', '2017-05-20 10:12:52'),
(40104, 0, 'YVONNE TEH GEE WEN', '', '', '2017-05-20 10:12:52', '2017-05-20 10:12:52'),
(40105, 0, 'ELAINE LIEW LING', '', '', '2017-05-20 10:12:52', '2017-05-20 10:12:52'),
(40106, 0, 'DAISY CHUA SHING YI', '', '', '2017-05-20 10:12:52', '2017-05-20 10:12:52'),
(40107, 0, 'CHEW MING KEE', '', '', '2017-05-20 10:12:52', '2017-05-20 10:12:52'),
(40108, 0, 'KHO DING FUNG', '', '', '2017-05-20 10:12:52', '2017-05-20 10:12:52'),
(40109, 0, 'MOHD HASHIM AKMAL BINTI TIOMAN KHAIRUL', '', '', '2017-05-20 10:12:52', '2017-05-20 10:12:52'),
(40110, 0, 'SITI HUSNA BINTI OSMAN ZAHIR', '', '', '2017-05-20 10:12:52', '2017-05-20 10:12:52'),
(40111, 0, 'MANDY LIAW', '', '', '2017-05-20 10:12:52', '2017-05-20 10:12:52'),
(40112, 0, 'IVY SAW', '', '', '2017-05-20 10:12:52', '2017-05-20 10:12:52'),
(40113, 0, 'EMELIA ONG', '', '', '2017-05-20 10:12:52', '2017-05-20 10:12:52'),
(40114, 0, 'DIORLYNN ANG QUEK LING', '', '', '2017-05-20 10:12:52', '2017-05-20 10:12:52'),
(40115, 0, 'WOON RAY SHER', '', '', '2017-05-20 10:12:52', '2017-05-20 10:12:52'),
(40116, 0, 'YASMIN BIN NASIR', '', '', '2017-05-20 10:12:52', '2017-05-20 10:12:52'),
(40117, 0, 'RACHEL ANAK SIMON', '', '', '2017-05-20 10:12:52', '2017-05-20 10:12:52'),
(40118, 0, 'CRYSTAL ANAK VINCENT', '', '', '2017-05-20 10:12:52', '2017-05-20 10:12:52'),
(40119, 0, 'STEVEN KONG WEI LOON', '', '', '2017-05-20 10:12:52', '2017-05-20 10:12:52'),
(40120, 0, 'HELEN CHUA TIEN PING', '', '', '2017-05-20 10:12:52', '2017-05-20 10:12:52'),
(40121, 0, 'YUMA TAN', '', '', '2017-05-20 10:12:52', '2017-05-20 10:12:52'),
(40122, 0, 'SUSAN BOON PUI EE', '', '', '2017-05-20 10:12:52', '2017-05-20 10:12:52'),
(40123, 0, 'QUINNE DING', '', '', '2017-05-20 10:12:52', '2017-05-20 10:12:52'),
(40124, 0, 'LAW YONG HUAT', '', '', '2017-05-20 10:12:52', '2017-05-20 10:12:52'),
(40125, 0, 'JOANNA A/P LEON', '', '', '2017-05-20 10:12:52', '2017-05-20 10:12:52'),
(40126, 0, 'KHOR KAY LI', '', '', '2017-05-20 10:12:52', '2017-05-20 10:12:52'),
(40127, 0, 'MOHD RUSKI BIN MOHD TAHIR', '', '', '2017-05-20 10:12:52', '2017-05-20 10:12:52'),
(40128, 0, 'JEANIE LIM', '', '', '2017-05-20 10:12:52', '2017-05-20 10:12:52'),
(40129, 0, 'LEANNE BEH HUEY CHING', '', '', '2017-05-20 10:12:52', '2017-05-20 10:12:52'),
(40130, 0, 'LYNN YEOH', '', '', '2017-05-20 10:12:52', '2017-05-20 10:12:52'),
(40131, 0, 'WONG XIN YU', '', '', '2017-05-20 10:12:52', '2017-05-20 10:12:52'),
(40132, 0, 'PHANG WEI YEE', '', '', '2017-05-20 10:12:52', '2017-05-20 10:12:52'),
(40133, 0, 'MOK HONG MENG', '', '', '2017-05-20 10:12:52', '2017-05-20 10:12:52'),
(40134, 0, 'LIEW TING SHIN', '', '', '2017-05-20 10:12:52', '2017-05-20 10:12:52'),
(40135, 0, 'YEAP NEE CHEN', '', '', '2017-05-20 10:12:52', '2017-05-20 10:12:52'),
(40136, 0, 'NUR ZULIANNA BINTI AHAMD JASMIN', '', '', '2017-05-20 10:12:52', '2017-05-20 10:12:52'),
(40137, 0, 'NOOR SITI AISHAH BINTI MUHAMMAD NUSRI', '', '', '2017-05-20 10:12:52', '2017-05-20 10:12:52'),
(40138, 0, 'HENG YEW KIN', '', '', '2017-05-20 10:12:52', '2017-05-20 10:12:52'),
(40139, 0, 'TOH HUAN FEN', '', '', '2017-05-20 10:12:52', '2017-05-20 10:12:52'),
(40140, 0, 'JOSEPH TEE', '', '', '2017-05-20 10:12:52', '2017-05-20 10:12:52'),
(40141, 0, 'DIANA AYLIA BINTI MOHB IMRAM', '', '', '2017-05-20 10:12:52', '2017-05-20 10:12:52'),
(40142, 0, 'TAN CHUN SHEN', '', '', '2017-05-20 10:12:52', '2017-05-20 10:12:52'),
(40143, 0, 'FONG LI ZHAO', '', '', '2017-05-20 10:12:52', '2017-05-20 10:12:52'),
(40144, 0, 'KONG SHAN QI', '', '', '2017-05-20 10:12:52', '2017-05-20 10:12:52'),
(40145, 0, 'NURUL SUHAIDA BINTI AHMAD BAKIS', '', '', '2017-05-20 10:12:52', '2017-05-20 10:12:52'),
(40146, 0, 'KRISHAN A/L SIVAGAMES', '', '', '2017-05-20 10:12:52', '2017-05-20 10:12:52'),
(40147, 0, 'RAHMAN YUSOF BIN KAHDIR', '', '', '2017-05-20 10:16:40', '2017-05-20 10:16:40'),
(40148, 0, 'NUR YUSNA BINTI KADIR AHMAD', '', '', '2017-05-20 10:16:40', '2017-05-20 10:16:40'),
(40149, 0, 'SUHAILA YUNI BINTI SUKRI KADIR', '', '', '2017-05-20 10:16:40', '2017-05-20 10:16:40'),
(40150, 0, 'NOOR AISYAH BINTI ZULKIFEE HUSEEN', '', '', '2017-05-20 10:16:40', '2017-05-20 10:16:40'),
(40151, 0, 'GLORIA ANAK JOHN', '', '', '2017-05-20 10:16:40', '2017-05-20 10:16:40'),
(40152, 0, 'DEVI PARAMESKI A/P KRISHAN', '', '', '2017-05-20 10:16:40', '2017-05-20 10:16:40'),
(40153, 0, 'KHOO HEW TING', '', '', '2017-05-20 10:16:40', '2017-05-20 10:16:40'),
(40154, 0, 'LEE YUN PEI', '', '', '2017-05-20 10:16:40', '2017-05-20 10:16:40'),
(40155, 0, 'KAW FONG LENG', '', '', '2017-05-20 10:16:40', '2017-05-20 10:16:40'),
(40156, 0, 'WEE KIAN HIAM', '', '', '2017-05-20 10:16:40', '2017-05-20 10:16:40'),
(40157, 0, 'LOH WEN SHIN', '', '', '2017-05-20 10:16:40', '2017-05-20 10:16:40'),
(40158, 0, 'ONG CHUI HOON', '', '', '2017-05-20 10:16:40', '2017-05-20 10:16:40'),
(40159, 0, 'PHANG GUAN CHUAN', '', '', '2017-05-20 10:16:40', '2017-05-20 10:16:40'),
(40160, 0, 'NIAN RUEY QIN', '', '', '2017-05-20 10:16:40', '2017-05-20 10:16:40'),
(40161, 0, 'VIVIAN CHIAM', '', '', '2017-05-20 10:16:40', '2017-05-20 10:16:40'),
(40162, 0, 'KAREN TOW', '', '', '2017-05-20 10:16:40', '2017-05-20 10:16:40'),
(40163, 0, 'YVONNE TEH GEE WEN', '', '', '2017-05-20 10:16:40', '2017-05-20 10:16:40'),
(40164, 0, 'ELAINE LIEW LING', '', '', '2017-05-20 10:16:40', '2017-05-20 10:16:40'),
(40165, 0, 'DAISY CHUA SHING YI', '', '', '2017-05-20 10:16:40', '2017-05-20 10:16:40'),
(40166, 0, 'CHEW MING KEE', '', '', '2017-05-20 10:16:40', '2017-05-20 10:16:40'),
(40167, 0, 'KHO DING FUNG', '', '', '2017-05-20 10:16:40', '2017-05-20 10:16:40'),
(40168, 0, 'MOHD HASHIM AKMAL BINTI TIOMAN KHAIRUL', '', '', '2017-05-20 10:16:40', '2017-05-20 10:16:40'),
(40169, 0, 'SITI HUSNA BINTI OSMAN ZAHIR', '', '', '2017-05-20 10:16:40', '2017-05-20 10:16:40'),
(40170, 0, 'MANDY LIAW', '', '', '2017-05-20 10:16:40', '2017-05-20 10:16:40'),
(40171, 0, 'IVY SAW', '', '', '2017-05-20 10:16:40', '2017-05-20 10:16:40'),
(40172, 0, 'EMELIA ONG', '', '', '2017-05-20 10:16:40', '2017-05-20 10:16:40'),
(40173, 0, 'DIORLYNN ANG QUEK LING', '', '', '2017-05-20 10:16:40', '2017-05-20 10:16:40'),
(40174, 0, 'WOON RAY SHER', '', '', '2017-05-20 10:16:40', '2017-05-20 10:16:40'),
(40175, 0, 'YASMIN BIN NASIR', '', '', '2017-05-20 10:16:40', '2017-05-20 10:16:40'),
(40176, 0, 'RACHEL ANAK SIMON', '', '', '2017-05-20 10:16:40', '2017-05-20 10:16:40'),
(40177, 0, 'CRYSTAL ANAK VINCENT', '', '', '2017-05-20 10:16:40', '2017-05-20 10:16:40'),
(40178, 0, 'STEVEN KONG WEI LOON', '', '', '2017-05-20 10:16:40', '2017-05-20 10:16:40'),
(40179, 0, 'HELEN CHUA TIEN PING', '', '', '2017-05-20 10:16:40', '2017-05-20 10:16:40'),
(40180, 0, 'YUMA TAN', '', '', '2017-05-20 10:16:40', '2017-05-20 10:16:40'),
(40181, 0, 'SUSAN BOON PUI EE', '', '', '2017-05-20 10:16:40', '2017-05-20 10:16:40'),
(40182, 0, 'QUINNE DING', '', '', '2017-05-20 10:16:40', '2017-05-20 10:16:40'),
(40183, 0, 'LAW YONG HUAT', '', '', '2017-05-20 10:16:40', '2017-05-20 10:16:40'),
(40184, 0, 'JOANNA A/P LEON', '', '', '2017-05-20 10:16:40', '2017-05-20 10:16:40'),
(40185, 0, 'KHOR KAY LI', '', '', '2017-05-20 10:16:40', '2017-05-20 10:16:40'),
(40186, 0, 'MOHD RUSKI BIN MOHD TAHIR', '', '', '2017-05-20 10:16:40', '2017-05-20 10:16:40'),
(40187, 0, 'JEANIE LIM', '', '', '2017-05-20 10:16:40', '2017-05-20 10:16:40'),
(40188, 0, 'LEANNE BEH HUEY CHING', '', '', '2017-05-20 10:16:40', '2017-05-20 10:16:40'),
(40189, 0, 'LYNN YEOH', '', '', '2017-05-20 10:16:40', '2017-05-20 10:16:40'),
(40190, 0, 'WONG XIN YU', '', '', '2017-05-20 10:16:40', '2017-05-20 10:16:40'),
(40191, 0, 'PHANG WEI YEE', '', '', '2017-05-20 10:16:40', '2017-05-20 10:16:40'),
(40192, 0, 'MOK HONG MENG', '', '', '2017-05-20 10:16:40', '2017-05-20 10:16:40'),
(40193, 0, 'LIEW TING SHIN', '', '', '2017-05-20 10:16:40', '2017-05-20 10:16:40'),
(40194, 0, 'YEAP NEE CHEN', '', '', '2017-05-20 10:16:40', '2017-05-20 10:16:40'),
(40195, 0, 'NUR ZULIANNA BINTI AHAMD JASMIN', '', '', '2017-05-20 10:16:40', '2017-05-20 10:16:40'),
(40196, 0, 'NOOR SITI AISHAH BINTI MUHAMMAD NUSRI', '', '', '2017-05-20 10:16:40', '2017-05-20 10:16:40'),
(40197, 0, 'HENG YEW KIN', '', '', '2017-05-20 10:16:40', '2017-05-20 10:16:40'),
(40198, 0, 'TOH HUAN FEN', '', '', '2017-05-20 10:16:40', '2017-05-20 10:16:40'),
(40199, 0, 'JOSEPH TEE', '', '', '2017-05-20 10:16:40', '2017-05-20 10:16:40'),
(40200, 0, 'DIANA AYLIA BINTI MOHB IMRAM', '', '', '2017-05-20 10:16:40', '2017-05-20 10:16:40'),
(40201, 0, 'TAN CHUN SHEN', '', '', '2017-05-20 10:16:40', '2017-05-20 10:16:40'),
(40202, 0, 'FONG LI ZHAO', '', '', '2017-05-20 10:16:40', '2017-05-20 10:16:40'),
(40203, 0, 'KONG SHAN QI', '', '', '2017-05-20 10:16:40', '2017-05-20 10:16:40'),
(40204, 0, 'NURUL SUHAIDA BINTI AHMAD BAKIS', '', '', '2017-05-20 10:16:40', '2017-05-20 10:16:40'),
(40205, 0, 'KRISHAN A/L SIVAGAMES', '', '', '2017-05-20 10:16:40', '2017-05-20 10:16:40'),
(40827, 0, 'CHEE YONG BEN', 'FCSIT', 'INFORMATION SYSTEMS', '2017-04-22 14:20:14', '2017-04-22 14:20:14'),
(40840, 0, 'CHEONG WEOI MUN', 'FCSIT', 'SOFTWARE ENGINEERING', '2017-04-22 14:15:34', '2017-04-22 14:15:34'),
(41123, 0, 'ERIC LOW YUAN JIEN', 'FCSIT', 'NETWORK COMPUTING', '2017-04-22 14:16:32', '2017-04-22 14:16:32'),
(41853, 0, 'LIM SHYN WEN', 'FCSIT', 'NETWORK COMPUTING', '2017-04-22 14:17:14', '2017-04-22 14:17:14'),
(42682, 0, 'NG HAU YIK', 'FCSIT', 'COMPUTATIONAL SCIENCE', '2017-04-22 14:17:52', '2017-04-22 14:17:52'),
(43678, 0, 'ONG YAN LI', 'FCSIT', 'INFORMATION SYSTEMS', '2017-04-22 14:18:13', '2017-04-22 14:18:13'),
(44371, 0, 'TAN VON WEI', 'FCSIT', 'COMPUTATIONAL SCIENCE', '2017-04-22 14:18:45', '2017-04-22 14:18:45'),
(44375, 0, 'TAN YING PEI', 'FCSIT', 'COMPUTATIONAL SCIENCE', '2017-04-22 14:19:27', '2017-04-22 14:19:27'),
(44421, 0, 'MOHAMMAD RAMLI BINTI AHMAD', 'FCSIT', 'NETWORK COMPUTING', '2017-04-18 07:14:10', '2017-04-18 07:14:10'),
(44571, 0, 'VOON JUN LEAN', 'FCSIT', 'INFORMATION SYSTEMS', '2017-05-05 05:34:10', '2017-05-05 05:34:10'),
(44648, 0, 'WONG SHI CHEE', 'FCSIT', 'NETWORK COMPUTING', '2017-05-05 06:01:55', '2017-05-05 06:01:55'),
(44670, 0, 'JENSON YAP ', 'FCSIT', 'MULTIMEDIA COMPUTING', '2017-04-22 14:22:44', '2017-04-22 14:22:44'),
(45188, 0, 'NANCY TAN TING FANG', 'FCSIT', 'INFORMATION SYSTEMS', '2017-04-22 14:24:24', '2017-04-22 14:24:24');

-- --------------------------------------------------------

--
-- Table structure for table `take_attendance_style`
--

CREATE TABLE `take_attendance_style` (
  `style_id` int(2) NOT NULL,
  `style_name` varchar(100) NOT NULL,
  `created_date` timestamp NOT NULL DEFAULT CURRENT_TIMESTAMP,
  `updated_date` timestamp NOT NULL DEFAULT CURRENT_TIMESTAMP
) ENGINE=InnoDB DEFAULT CHARSET=latin1;

--
-- Dumping data for table `take_attendance_style`
--

INSERT INTO `take_attendance_style` (`style_id`, `style_name`, `created_date`, `updated_date`) VALUES
(1, 'Scan QR-Code', '2017-04-24 09:17:22', '2017-04-24 09:17:22'),
(2, 'Enter Student ID', '2017-04-24 09:17:22', '2017-04-24 09:17:22');

-- --------------------------------------------------------

--
-- Table structure for table `venue`
--

CREATE TABLE `venue` (
  `venue_id` varchar(20) NOT NULL,
  `venue_name` varchar(255) NOT NULL,
  `venue_capacity` int(255) NOT NULL,
  `created_date` timestamp NOT NULL DEFAULT CURRENT_TIMESTAMP ON UPDATE CURRENT_TIMESTAMP,
  `updated_date` timestamp NOT NULL DEFAULT CURRENT_TIMESTAMP ON UPDATE CURRENT_TIMESTAMP
) ENGINE=InnoDB DEFAULT CHARSET=latin1;

--
-- Dumping data for table `venue`
--

INSERT INTO `venue` (`venue_id`, `venue_name`, `venue_capacity`, `created_date`, `updated_date`) VALUES
('CTF1_BS1', 'CTF 1, BS 1', 100, '2017-05-12 06:22:31', '2017-05-12 06:22:31'),
('CTF1_BS3', 'CTF 1, BS 3', 80, '2017-05-12 15:31:39', '2017-05-12 15:31:39'),
('CTF1_DK', 'CTF 1, DEWAN KULIAH', 350, '2017-03-11 11:28:17', '2017-03-11 11:28:17'),
('FCSIT_TL1', 'TEACHING LAB 1, FCSIT\r\n', 50, '2017-05-12 06:23:03', '2017-05-12 06:23:03'),
('FCSIT_TL2', 'TEACHING LAB 2, FCSIT', 40, '2017-02-21 07:40:14', '2017-02-21 07:40:14'),
('FCSIT_TMM', 'TMM,FCSIT', 150, '2017-05-12 06:23:19', '2017-05-12 06:23:19');

-- --------------------------------------------------------

--
-- Table structure for table `venue_handler`
--

CREATE TABLE `venue_handler` (
  `venue_handler_id` int(10) NOT NULL,
  `venue_id` varchar(20) NOT NULL,
  `course_id` varchar(10) NOT NULL,
  `created_date` timestamp NULL DEFAULT CURRENT_TIMESTAMP,
  `updated_date` timestamp NULL DEFAULT CURRENT_TIMESTAMP
) ENGINE=InnoDB DEFAULT CHARSET=latin1;

--
-- Dumping data for table `venue_handler`
--

INSERT INTO `venue_handler` (`venue_handler_id`, `venue_id`, `course_id`, `created_date`, `updated_date`) VALUES
(1, 'FCSIT_TMM', 'TMC1214', '2017-05-14 04:37:09', '2017-05-14 04:37:09'),
(2, 'CTF1_BS3', 'TMN2053', '2017-05-14 04:37:09', '2017-05-14 04:37:09'),
(3, 'FCSIT_TL2', 'TMN4053', '2017-05-14 04:37:09', '2017-05-14 04:37:09'),
(5, 'CTF1_DK', 'TMC3042', '2017-05-14 04:37:09', '2017-05-14 04:37:09');

--
-- Indexes for dumped tables
--

--
-- Indexes for table `course`
--
ALTER TABLE `course`
  ADD PRIMARY KEY (`course_id`);

--
-- Indexes for table `course_handler`
--
ALTER TABLE `course_handler`
  ADD PRIMARY KEY (`course_handler_id`);

--
-- Indexes for table `enroll_handler`
--
ALTER TABLE `enroll_handler`
  ADD PRIMARY KEY (`enroll_handler_id`);

--
-- Indexes for table `qr_code`
--
ALTER TABLE `qr_code`
  ADD PRIMARY KEY (`qr_code_id`);

--
-- Indexes for table `staff`
--
ALTER TABLE `staff`
  ADD PRIMARY KEY (`staff_id`),
  ADD UNIQUE KEY `staff_id` (`staff_id`);

--
-- Indexes for table `student`
--
ALTER TABLE `student`
  ADD PRIMARY KEY (`student_id`);

--
-- Indexes for table `take_attendance_style`
--
ALTER TABLE `take_attendance_style`
  ADD PRIMARY KEY (`style_id`);

--
-- Indexes for table `venue`
--
ALTER TABLE `venue`
  ADD PRIMARY KEY (`venue_id`);

--
-- Indexes for table `venue_handler`
--
ALTER TABLE `venue_handler`
  ADD PRIMARY KEY (`venue_handler_id`);

--
-- AUTO_INCREMENT for dumped tables
--

--
-- AUTO_INCREMENT for table `course_handler`
--
ALTER TABLE `course_handler`
  MODIFY `course_handler_id` int(10) NOT NULL AUTO_INCREMENT, AUTO_INCREMENT=15;
--
-- AUTO_INCREMENT for table `enroll_handler`
--
ALTER TABLE `enroll_handler`
  MODIFY `enroll_handler_id` int(10) NOT NULL AUTO_INCREMENT, AUTO_INCREMENT=375;
--
-- AUTO_INCREMENT for table `take_attendance_style`
--
ALTER TABLE `take_attendance_style`
  MODIFY `style_id` int(2) NOT NULL AUTO_INCREMENT, AUTO_INCREMENT=3;
--
-- AUTO_INCREMENT for table `venue_handler`
--
ALTER TABLE `venue_handler`
  MODIFY `venue_handler_id` int(10) NOT NULL AUTO_INCREMENT, AUTO_INCREMENT=6;
/*!40101 SET CHARACTER_SET_CLIENT=@OLD_CHARACTER_SET_CLIENT */;
/*!40101 SET CHARACTER_SET_RESULTS=@OLD_CHARACTER_SET_RESULTS */;
/*!40101 SET COLLATION_CONNECTION=@OLD_COLLATION_CONNECTION */;
